,date,temp,feelslike,dew,humidity,precip,precipprob,snow,snowdepth,windgust,winddir,windspeed,cloudcover,conditions,icon
0,2023-03-01T00:00:00,2.1,-3.6,0.1,86.56,0.0,0,0,0.0,36.4,270.0,29.4,89.0,Partially cloudy,partly-cloudy-night
1,2023-03-01T01:00:00,1.2,-4.5,1.0,98.7,0.218,100,0,0.0,36.4,269.0,25.9,84.4,"Snow, Rain, Partially cloudy",rain
2,2023-03-01T02:00:00,1.1,-4.9,1.1,99.54,0.0,0,0,0.0,36.7,279.0,29.4,88.9,Partially cloudy,partly-cloudy-night
3,2023-03-01T03:00:00,1.1,-3.6,1.1,99.54,0.0,0,0,0.0,33.5,269.0,18.5,88.9,Partially cloudy,partly-cloudy-night
4,2023-03-01T04:00:00,1.0,-4.1,1.1,100.0,0.0,0,0,0.0,29.9,270.0,20.6,75.3,Partially cloudy,partly-cloudy-night
5,2023-03-01T05:00:00,1.1,-2.6,1.1,99.84,0.0,0,0,0.0,28.8,279.0,13.1,88.9,Partially cloudy,partly-cloudy-night
6,2023-03-01T06:00:00,1.2,-2.3,1.1,99.56,0.0,0,0,0.0,26.3,280.0,11.5,88.9,Partially cloudy,partly-cloudy-night
7,2023-03-01T07:00:00,0.9,-2.1,0.9,99.67,0.791,100,0,0.0,25.2,259.0,9.5,84.4,"Snow, Rain, Partially cloudy",rain
8,2023-03-01T08:00:00,1.2,-1.8,1.1,99.5,0.0,0,0,0.0,44.6,270.0,9.6,88.9,Partially cloudy,partly-cloudy-day
9,2023-03-01T09:00:00,2.2,-2.8,2.1,99.59,0.0,0,0,0.0,29.9,280.0,22.1,50.8,Partially cloudy,partly-cloudy-day
10,2023-03-01T10:00:00,3.0,-1.2,2.1,93.9,0.0,0,0,0.0,31.0,289.0,18.2,84.4,Partially cloudy,partly-cloudy-day
11,2023-03-01T11:00:00,5.1,1.4,3.1,86.7,0.0,0,0,0.0,33.1,290.0,18.4,88.6,Partially cloudy,partly-cloudy-day
12,2023-03-01T12:00:00,5.1,1.5,1.1,75.2,0.0,0,0,0.0,33.1,290.0,18.4,88.1,Partially cloudy,partly-cloudy-day
13,2023-03-01T13:00:00,4.2,1.4,1.9,84.94,0.479,100,0,0.0,25.2,348.0,11.4,84.0,"Rain, Partially cloudy",rain
14,2023-03-01T14:00:00,5.1,2.3,1.1,75.07,0.0,0,0,0.0,26.3,329.0,13.1,88.1,Partially cloudy,partly-cloudy-day
15,2023-03-01T15:00:00,5.2,3.0,1.1,74.91,0.0,0,0,0.0,24.8,319.0,9.4,50.0,Partially cloudy,partly-cloudy-day
16,2023-03-01T16:00:00,5.9,4.3,-1.8,57.6,0.0,0,0,0.0,23.4,319.0,7.7,55.3,Partially cloudy,partly-cloudy-day
17,2023-03-01T17:00:00,6.1,4.2,0.1,65.17,0.0,0,0,0.0,20.9,309.0,9.4,50.0,Partially cloudy,partly-cloudy-day
18,2023-03-01T18:00:00,5.1,3.4,-0.9,65.15,0.0,0,0,0.0,22.0,330.0,7.6,50.0,Partially cloudy,partly-cloudy-day
19,2023-03-01T19:00:00,4.8,3.8,-0.8,66.66,0.0,0,0,0.0,5.8,260.0,5.4,50.3,Partially cloudy,partly-cloudy-night
20,2023-03-01T20:00:00,3.1,0.2,0.1,80.73,0.0,0,0,0.0,6.5,268.0,11.1,50.0,Partially cloudy,partly-cloudy-night
21,2023-03-01T21:00:00,2.1,0.6,0.1,86.53,0.0,0,0,0.0,4.7,200.0,5.4,49.5,Partially cloudy,partly-cloudy-night
22,2023-03-01T22:00:00,2.9,1.5,2.0,93.9,0.0,0,0,0.0,4.0,62.0,5.4,49.8,Partially cloudy,partly-cloudy-night
23,2023-03-01T23:00:00,2.1,2.1,2.1,99.85,0.0,0,0,0.0,5.4,211.0,1.9,50.0,Partially cloudy,partly-cloudy-night
24,2023-03-02T00:00:00,1.1,-0.5,1.1,99.69,0.0,0,0,0.0,6.1,350.0,5.5,50.3,Partially cloudy,partly-cloudy-night
25,2023-03-02T01:00:00,0.2,0.2,0.1,99.65,0.195,100,0,0.0,1.8,205.0,1.9,50.2,"Snow, Rain, Partially cloudy",rain
26,2023-03-02T02:00:00,0.1,0.1,0.1,99.62,0.0,0,0,0.0,2.9,191.0,2.0,50.0,Partially cloudy,partly-cloudy-night
27,2023-03-02T03:00:00,-0.8,-0.8,-0.9,99.53,0.0,0,0,0.0,3.6,195.0,3.8,50.3,Partially cloudy,partly-cloudy-night
28,2023-03-02T04:00:00,-0.7,-2.6,-0.8,99.61,0.0,0,0,0.0,4.0,27.0,5.4,54.8,Partially cloudy,partly-cloudy-night
29,2023-03-02T05:00:00,-0.8,-0.8,-0.9,99.62,0.0,0,0,0.0,6.8,230.0,3.7,50.0,Partially cloudy,partly-cloudy-night
30,2023-03-02T06:00:00,-0.9,-0.9,-0.9,99.62,0.0,0,0,0.0,7.9,219.0,3.7,49.8,Partially cloudy,partly-cloudy-night
31,2023-03-02T07:00:00,-1.9,-1.9,-2.0,99.61,0.0,0,0,0.0,6.5,199.0,3.8,55.2,Partially cloudy,partly-cloudy-night
32,2023-03-02T08:00:00,0.1,0.1,0.1,99.53,0.0,0,0,0.0,6.8,185.0,1.9,50.5,Partially cloudy,partly-cloudy-day
33,2023-03-02T09:00:00,1.2,-0.5,0.1,92.75,0.0,0,0,0.0,11.2,28.0,5.5,88.9,Partially cloudy,partly-cloudy-day
34,2023-03-02T10:00:00,2.9,-1.1,0.8,86.27,0.0,0,0,0.0,24.1,250.0,16.5,88.5,Partially cloudy,partly-cloudy-day
35,2023-03-02T11:00:00,4.2,-0.2,2.0,85.86,0.0,0,0,0.0,45.7,250.0,22.1,88.1,Partially cloudy,partly-cloudy-day
36,2023-03-02T12:00:00,5.2,0.4,1.1,74.71,0.0,0,0,0.0,51.1,260.0,29.2,88.1,Partially cloudy,partly-cloudy-day
37,2023-03-02T13:00:00,6.9,2.8,-0.1,60.9,0.0,0,0,0.0,49.3,240.0,27.6,83.7,Partially cloudy,partly-cloudy-day
38,2023-03-02T14:00:00,8.1,3.9,-0.9,52.81,0.0,0,0,0.0,49.3,240.0,33.1,88.1,Partially cloudy,partly-cloudy-day
39,2023-03-02T15:00:00,4.2,0.8,-0.9,69.65,0.0,0,0,0.0,50.0,300.0,14.8,88.4,Partially cloudy,partly-cloudy-day
40,2023-03-02T16:00:00,5.2,1.5,-1.0,64.39,0.0,0,0,0.0,48.2,259.0,18.5,88.5,Partially cloudy,partly-cloudy-day
41,2023-03-02T17:00:00,3.2,-2.4,0.1,79.92,0.0,0,0,0.0,50.0,299.0,31.2,88.1,Partially cloudy,partly-cloudy-day
42,2023-03-02T18:00:00,3.2,0.7,1.0,85.69,0.0,0,0,0.0,45.7,3.0,9.3,50.0,Partially cloudy,partly-cloudy-day
43,2023-03-02T19:00:00,2.1,2.1,0.8,91.08,0.634,100,0,0.0,26.3,271.0,3.7,54.7,"Rain, Partially cloudy",rain
44,2023-03-02T20:00:00,2.2,-0.5,-4.9,59.72,0.0,0,0,0.0,24.8,298.0,9.3,27.6,Partially cloudy,partly-cloudy-night
45,2023-03-02T21:00:00,0.2,-3.0,-3.9,74.14,0.0,0,0,0.0,21.6,240.0,9.7,27.6,Partially cloudy,partly-cloudy-night
46,2023-03-02T22:00:00,1.2,-2.9,-3.0,73.38,0.0,0,0,0.0,23.8,289.0,14.8,32.4,Partially cloudy,partly-cloudy-night
47,2023-03-02T23:00:00,1.1,-4.8,-2.9,74.69,0.0,0,0,0.0,28.8,270.0,27.7,50.2,Partially cloudy,partly-cloudy-night
48,2023-03-03T00:00:00,0.0,-4.7,-1.0,92.86,0.0,0,0,0.0,29.2,260.0,16.5,50.0,Partially cloudy,partly-cloudy-night
49,2023-03-03T01:00:00,0.1,0.1,0.0,99.5,0.0,0,0,0.0,24.5,261.6,14.0,50.4,Partially cloudy,partly-cloudy-night
50,2023-03-03T02:00:00,0.1,-5.4,0.0,99.5,0.0,0,0,0.0,23.8,270.0,22.2,50.4,Partially cloudy,partly-cloudy-night
51,2023-03-03T03:00:00,0.1,-3.5,0.0,99.5,0.0,0,0,0.0,23.4,270.0,11.4,50.4,Partially cloudy,partly-cloudy-night
52,2023-03-03T04:00:00,0.1,0.1,0.1,99.71,0.0,0,0,0.0,22.3,263.4,11.2,87.7,Partially cloudy,partly-cloudy-night
53,2023-03-03T05:00:00,0.1,-3.1,0.0,99.59,0.0,0,0,0.0,18.7,230.0,9.6,87.7,Partially cloudy,partly-cloudy-night
54,2023-03-03T06:00:00,0.1,-5.2,0.0,99.59,0.0,0,0,0.0,18.7,260.0,20.5,87.7,Partially cloudy,partly-cloudy-night
55,2023-03-03T07:00:00,0.2,-3.2,-0.3,96.44,0.0,0,0,0.1,18.0,257.2,10.4,77.6,Partially cloudy,partly-cloudy-night
56,2023-03-03T08:00:00,0.7,-2.5,0.0,95.06,0.0,0,0,0.0,18.4,262.5,10.1,70.6,Partially cloudy,partly-cloudy-day
57,2023-03-03T09:00:00,2.3,-1.7,-0.1,84.15,0.0,0,0,0.0,27.0,298.1,15.5,89.3,Partially cloudy,partly-cloudy-day
58,2023-03-03T10:00:00,2.8,-0.9,1.6,91.91,0.0,0,0,0.0,35.6,298.0,14.8,79.8,Partially cloudy,partly-cloudy-day
59,2023-03-03T11:00:00,5.4,1.3,-1.3,62.0,0.0,0,0,0.0,39.2,316.9,22.0,96.6,Overcast,cloudy
60,2023-03-03T12:00:00,6.2,2.6,-1.2,59.09,0.0,0,0,0.0,38.2,313.6,19.8,85.6,Partially cloudy,partly-cloudy-day
61,2023-03-03T13:00:00,5.3,1.0,-0.5,66.56,0.015,100,0,0.0,34.6,298.0,23.9,51.3,"Rain, Partially cloudy",rain
62,2023-03-03T14:00:00,7.2,4.0,-0.7,57.22,0.0,0,0,0.0,34.6,309.7,18.0,79.8,Partially cloudy,partly-cloudy-day
63,2023-03-03T15:00:00,7.4,4.4,-0.6,56.86,0.0,0,0,0.0,32.0,306.9,16.9,93.5,Overcast,cloudy
64,2023-03-03T16:00:00,5.0,0.9,-0.7,66.38,0.0,0,0,0.0,31.0,289.0,21.9,60.4,Partially cloudy,partly-cloudy-day
65,2023-03-03T17:00:00,6.6,3.6,0.2,63.66,0.0,0,0,0.0,31.3,309.7,15.8,53.0,Partially cloudy,partly-cloudy-day
66,2023-03-03T18:00:00,5.6,2.8,0.2,68.21,0.0,0,0,0.0,28.1,319.8,13.0,41.2,Partially cloudy,partly-cloudy-day
67,2023-03-03T19:00:00,4.5,2.7,-1.2,66.37,0.104,100,0,0.0,12.2,307.0,7.5,60.1,"Rain, Partially cloudy",rain
68,2023-03-03T20:00:00,2.8,2.8,0.4,84.21,0.0,0,0,0.0,12.6,314.1,4.7,0.0,Clear,clear-night
69,2023-03-03T21:00:00,1.8,1.8,0.2,89.13,0.0,0,0,0.0,7.9,301.4,4.3,0.0,Clear,clear-night
70,2023-03-03T22:00:00,2.8,0.7,-0.7,77.48,0.0,0,0,0.0,7.6,260.0,7.7,30.9,Partially cloudy,partly-cloudy-night
71,2023-03-03T23:00:00,0.5,0.5,-0.5,93.0,0.0,0,0,0.0,7.6,282.5,4.3,24.8,Partially cloudy,partly-cloudy-night
72,2023-03-04T00:00:00,0.1,0.1,-0.7,94.35,0.0,0,0,0.0,7.2,283.9,4.3,45.1,Partially cloudy,partly-cloudy-night
73,2023-03-04T01:00:00,1.2,-1.7,-0.5,88.26,0.011,100,0,0.0,10.8,259.0,9.5,50.9,"Snow, Rain, Partially cloudy",rain
74,2023-03-04T02:00:00,-0.5,-2.8,-1.0,96.42,0.0,0,0,0.0,10.8,258.9,6.5,47.6,Partially cloudy,partly-cloudy-night
75,2023-03-04T03:00:00,-0.8,-3.0,-1.4,95.7,0.0,0,0,0.0,11.5,262.8,6.1,52.2,Partially cloudy,partly-cloudy-night
76,2023-03-04T04:00:00,1.8,-2.4,0.8,92.84,0.0,0,0,0.0,10.8,298.0,16.4,80.3,Partially cloudy,partly-cloudy-night
77,2023-03-04T05:00:00,-1.0,-3.4,-1.6,95.7,0.0,0,0,0.0,10.8,260.5,6.5,57.2,Partially cloudy,partly-cloudy-night
78,2023-03-04T06:00:00,-1.2,-3.8,-1.7,96.4,0.0,0,0,0.0,11.5,259.9,6.8,53.1,Partially cloudy,partly-cloudy-night
79,2023-03-04T07:00:00,1.7,-1.9,0.2,89.7,0.214,100,0,0.0,15.5,259.0,12.9,90.1,"Snow, Rain, Overcast",rain
80,2023-03-04T08:00:00,0.0,-3.2,-1.0,92.97,0.0,0,0,0.0,16.6,260.6,9.4,86.1,Partially cloudy,partly-cloudy-day
81,2023-03-04T09:00:00,1.9,-1.8,-0.1,86.59,0.0,0,0,0.0,23.4,276.5,13.3,100.0,Overcast,cloudy
82,2023-03-04T10:00:00,3.3,-1.7,2.4,94.02,0.0,0,0,0.0,31.3,298.0,25.4,99.4,Overcast,cloudy
83,2023-03-04T11:00:00,5.8,2.0,1.0,71.27,0.0,0,0,0.0,37.1,318.7,20.2,100.0,Overcast,cloudy
84,2023-03-04T12:00:00,6.6,2.9,0.9,66.96,0.0,0,0,0.0,38.5,323.2,21.2,93.0,Overcast,cloudy
85,2023-03-04T13:00:00,5.1,0.7,2.3,82.09,0.423,100,0,0.0,33.8,308.0,23.8,80.2,"Rain, Partially cloudy",rain
86,2023-03-04T14:00:00,8.3,5.3,1.0,60.05,0.0,0,0,0.0,35.3,328.3,19.1,73.2,Partially cloudy,partly-cloudy-day
87,2023-03-04T15:00:00,8.4,5.6,1.3,60.94,0.0,0,0,0.0,33.8,332.2,17.6,56.0,Partially cloudy,partly-cloudy-day
88,2023-03-04T16:00:00,5.3,1.0,2.2,80.36,0.0,0,0,0.0,31.7,299.0,23.7,89.9,Partially cloudy,partly-cloudy-day
89,2023-03-04T17:00:00,7.5,4.7,1.2,64.33,0.0,0,0,0.0,29.2,333.1,15.5,42.4,Partially cloudy,partly-cloudy-day
90,2023-03-04T18:00:00,6.2,3.4,1.0,69.33,0.0,0,0,0.0,27.7,337.8,13.3,37.7,Partially cloudy,partly-cloudy-day
91,2023-03-04T19:00:00,4.0,1.6,1.2,81.74,0.095,100,0,0.0,13.0,308.0,9.3,59.9,"Rain, Partially cloudy",rain
92,2023-03-04T20:00:00,2.7,2.7,0.7,86.67,0.0,0,0,0.0,12.2,295.9,4.0,2.2,Clear,clear-night
93,2023-03-04T21:00:00,1.6,1.6,0.4,91.73,0.0,0,0,0.0,6.5,267.0,3.2,4.2,Clear,clear-night
94,2023-03-04T22:00:00,0.8,0.8,-1.7,83.28,0.0,0,0,0.0,5.0,358.0,3.7,0.9,Clear,clear-night
95,2023-03-04T23:00:00,0.4,0.4,-0.1,96.44,0.0,0,0,0.0,4.3,296.6,2.5,3.8,Clear,clear-night
96,2023-03-05T00:00:00,-0.1,-0.1,-0.4,97.84,0.0,0,0,0.0,3.2,301.7,2.2,4.3,Clear,clear-night
97,2023-03-05T01:00:00,-1.8,-3.8,-2.5,94.82,0.0,0,0,0.0,3.2,16.0,5.4,0.3,Clear,clear-night
98,2023-03-05T02:00:00,-0.5,-0.5,-1.0,96.42,0.0,0,0,0.0,2.9,296.8,2.2,9.4,Clear,clear-night
99,2023-03-05T03:00:00,-0.8,-0.8,-1.3,96.41,0.0,0,0,0.0,3.2,303.0,2.2,8.5,Clear,clear-night
100,2023-03-05T04:00:00,-3.1,-3.1,-3.2,99.64,0.0,0,0,0.0,2.9,360.0,3.8,0.0,Clear,clear-night
101,2023-03-05T05:00:00,-1.3,-1.3,-1.5,98.54,0.0,0,0,0.0,2.9,250.9,1.4,17.3,Clear,clear-night
102,2023-03-05T06:00:00,-1.9,-1.9,-1.9,100.0,0.0,0,0,0.0,3.6,251.7,2.5,61.6,Partially cloudy,partly-cloudy-night
103,2023-03-05T07:00:00,-3.9,-6.3,-4.0,99.36,0.0,0,0,0.0,5.8,19.0,5.7,10.0,Clear,clear-night
104,2023-03-05T08:00:00,0.1,-1.7,-0.9,92.63,0.0,0,0,0.0,6.5,357.0,5.7,27.5,Partially cloudy,partly-cloudy-day
105,2023-03-05T09:00:00,4.1,4.1,0.1,75.07,0.0,0,0,0.0,6.5,213.0,3.9,27.5,Partially cloudy,partly-cloudy-day
106,2023-03-05T10:00:00,5.9,4.9,0.2,66.85,0.0,0,0,0.0,10.8,200.0,5.6,10.0,Clear,clear-day
107,2023-03-05T11:00:00,6.2,4.6,0.1,65.07,0.0,0,0,0.0,16.2,271.0,7.7,27.5,Partially cloudy,partly-cloudy-day
108,2023-03-05T12:00:00,8.1,5.5,-1.8,49.39,0.0,0,0,0.0,23.4,270.0,16.5,27.5,Partially cloudy,partly-cloudy-day
109,2023-03-05T13:00:00,10.1,10.1,-4.7,34.96,0.0,0,0,0.0,23.0,267.0,18.3,29.7,Partially cloudy,partly-cloudy-day
110,2023-03-05T14:00:00,12.1,12.1,-13.6,15.29,0.0,0,0,0.0,23.8,254.0,18.2,50.0,Partially cloudy,partly-cloudy-day
111,2023-03-05T15:00:00,12.1,12.1,-19.5,9.36,0.0,0,0,0.0,27.7,253.0,22.0,50.0,Partially cloudy,partly-cloudy-day
112,2023-03-05T16:00:00,12.9,12.9,2.9,50.38,0.0,0,0,0.0,28.8,245.0,18.2,40.0,Partially cloudy,partly-cloudy-day
113,2023-03-05T17:00:00,12.1,12.1,-13.6,15.28,0.0,0,0,0.0,29.2,254.0,18.2,50.0,Partially cloudy,partly-cloudy-day
114,2023-03-05T18:00:00,11.1,11.1,-15.6,13.87,0.0,0,0,0.0,28.8,237.0,14.6,11.8,Clear,clear-day
115,2023-03-05T19:00:00,9.2,7.0,-11.6,21.71,0.0,0,0,0.0,13.7,248.0,14.4,39.8,Partially cloudy,partly-cloudy-night
116,2023-03-05T20:00:00,7.1,5.3,-9.7,29.25,0.0,0,0,0.0,14.4,210.0,9.3,51.0,Partially cloudy,partly-cloudy-night
117,2023-03-05T21:00:00,7.1,7.1,-8.7,31.63,0.0,0,0,0.0,11.2,208.0,1.9,71.2,Partially cloudy,partly-cloudy-night
118,2023-03-05T22:00:00,5.1,4.1,-5.8,45.27,0.0,0,0,0.0,6.1,48.0,5.4,40.3,Partially cloudy,partly-cloudy-night
119,2023-03-05T23:00:00,4.1,4.1,-4.8,52.3,0.0,0,0,0.0,5.8,181.0,3.7,77.3,Partially cloudy,partly-cloudy-night
120,2023-03-06T00:00:00,4.1,2.9,-4.8,52.33,0.0,0,0,0.0,9.4,29.0,5.6,91.6,Overcast,cloudy
121,2023-03-06T01:00:00,5.3,3.6,-4.7,48.28,0.0,0,0,0.0,9.4,330.0,7.7,45.6,Partially cloudy,partly-cloudy-night
122,2023-03-06T02:00:00,5.1,5.1,-2.8,56.61,0.0,0,0,0.0,15.5,211.0,2.2,50.0,Partially cloudy,partly-cloudy-night
123,2023-03-06T03:00:00,6.1,4.1,3.0,80.8,0.0,0,0,0.0,16.2,250.0,9.4,50.0,Partially cloudy,partly-cloudy-night
124,2023-03-06T04:00:00,6.3,4.8,-1.1,59.26,0.0,0,0,0.0,25.9,201.0,7.7,54.8,Partially cloudy,partly-cloudy-night
125,2023-03-06T05:00:00,6.1,3.2,-0.9,60.83,0.0,0,0,0.0,28.4,259.0,14.6,50.4,Partially cloudy,partly-cloudy-night
126,2023-03-06T06:00:00,6.2,4.6,-0.9,60.64,0.0,0,0,0.0,16.9,220.0,7.8,50.4,Partially cloudy,partly-cloudy-night
127,2023-03-06T07:00:00,5.3,3.6,-0.1,68.34,1.957,100,0,0.0,13.3,221.0,7.6,75.1,"Rain, Partially cloudy",rain
128,2023-03-06T08:00:00,6.1,5.2,0.2,65.61,0.0,0,0,0.0,19.4,289.0,5.4,50.3,Partially cloudy,partly-cloudy-day
129,2023-03-06T09:00:00,7.1,5.8,1.1,65.7,0.0,0,0,0.0,25.2,259.0,7.6,88.4,Partially cloudy,partly-cloudy-day
130,2023-03-06T10:00:00,8.9,7.8,1.2,58.57,0.0,0,0,0.0,32.4,259.0,7.8,84.2,Partially cloudy,partly-cloudy-day
131,2023-03-06T11:00:00,11.1,11.1,0.2,46.91,0.0,0,0,0.0,55.4,250.0,36.5,50.8,Partially cloudy,partly-cloudy-day
132,2023-03-06T12:00:00,13.1,13.1,0.2,41.21,0.0,0,0,0.0,55.4,260.0,34.8,50.8,Partially cloudy,partly-cloudy-day
133,2023-03-06T13:00:00,12.2,12.2,-0.7,41.03,0.005,100,0,0.0,60.8,267.0,32.8,84.2,"Rain, Partially cloudy",rain
134,2023-03-06T14:00:00,13.1,13.1,1.2,44.33,0.0,0,0,0.0,59.4,268.0,40.2,88.9,Partially cloudy,partly-cloudy-day
135,2023-03-06T15:00:00,12.1,12.1,0.2,44.18,0.0,0,0,0.0,62.6,278.0,43.9,88.4,Partially cloudy,partly-cloudy-day
136,2023-03-06T16:00:00,13.0,13.0,-0.7,38.83,0.0,0,0,0.0,65.2,277.0,41.8,55.0,Partially cloudy,partly-cloudy-day
137,2023-03-06T17:00:00,12.1,12.1,1.2,47.31,0.0,0,0,0.0,59.0,288.0,29.2,50.0,Partially cloudy,partly-cloudy-day
138,2023-03-06T18:00:00,12.1,12.1,1.2,47.37,0.0,0,0,0.0,31.7,268.0,31.3,50.0,Partially cloudy,partly-cloudy-day
139,2023-03-06T19:00:00,9.9,6.9,2.1,58.51,0.0,0,0,0.0,25.2,268.0,23.6,54.7,Partially cloudy,partly-cloudy-night
140,2023-03-06T20:00:00,8.1,6.5,3.1,70.66,0.0,0,0,0.0,26.3,260.0,9.3,50.0,Partially cloudy,partly-cloudy-night
141,2023-03-06T21:00:00,6.2,5.2,3.1,80.8,0.0,0,0,0.0,19.1,259.0,5.5,27.8,Partially cloudy,partly-cloudy-night
142,2023-03-06T22:00:00,6.2,4.2,3.1,80.93,0.0,0,0,0.0,16.2,259.0,9.4,32.4,Partially cloudy,partly-cloudy-night
143,2023-03-06T23:00:00,5.1,5.1,4.1,92.83,0.0,0,0,0.0,12.2,208.0,3.7,27.8,Partially cloudy,partly-cloudy-night
144,2023-03-07T00:00:00,5.1,4.1,4.1,92.92,0.0,0,0,0.0,10.1,240.0,5.4,27.8,Partially cloudy,partly-cloudy-night
145,2023-03-07T01:00:00,6.1,3.8,4.9,92.15,0.0,0,0,0.0,9.4,298.0,11.0,32.2,Partially cloudy,partly-cloudy-night
146,2023-03-07T02:00:00,4.1,2.9,4.0,99.7,0.0,0,0,0.0,8.3,288.0,5.5,27.5,Partially cloudy,partly-cloudy-night
147,2023-03-07T03:00:00,3.1,3.1,2.1,93.06,0.0,0,0,0.0,7.9,213.0,3.7,27.5,Partially cloudy,partly-cloudy-night
148,2023-03-07T04:00:00,2.2,2.2,2.1,99.42,0.0,0,0,0.0,5.4,360.0,3.7,32.1,Partially cloudy,partly-cloudy-night
149,2023-03-07T05:00:00,2.1,-0.1,1.1,92.92,0.0,0,0,0.0,3.2,360.0,7.6,27.3,Partially cloudy,partly-cloudy-night
150,2023-03-07T06:00:00,1.1,1.1,1.1,99.6,0.0,0,0,0.0,2.5,221.0,3.8,27.3,Partially cloudy,partly-cloudy-night
151,2023-03-07T07:00:00,2.0,2.0,2.0,99.62,0.0,0,0,0.0,5.0,206.0,3.7,31.9,Partially cloudy,partly-cloudy-night
152,2023-03-07T08:00:00,3.1,3.1,3.1,99.61,0.0,0,0,0.0,5.0,230.0,1.9,27.3,Partially cloudy,partly-cloudy-day
153,2023-03-07T09:00:00,7.1,7.1,6.0,92.89,0.0,0,0,0.0,4.7,191.0,3.8,27.3,Partially cloudy,partly-cloudy-day
154,2023-03-07T10:00:00,8.9,7.5,4.1,71.49,0.0,0,0,0.0,14.8,239.0,9.6,36.8,Partially cloudy,partly-cloudy-day
155,2023-03-07T11:00:00,10.2,10.2,2.1,57.29,0.0,0,0,0.0,21.6,249.0,11.3,88.4,Partially cloudy,partly-cloudy-day
156,2023-03-07T12:00:00,11.2,11.2,2.1,53.52,0.0,0,0,0.0,27.4,250.0,18.3,88.4,Partially cloudy,partly-cloudy-day
157,2023-03-07T13:00:00,11.1,11.1,5.0,65.87,0.0,0,0,0.0,27.7,259.0,11.5,83.9,Partially cloudy,partly-cloudy-day
158,2023-03-07T14:00:00,12.1,12.1,5.1,62.18,0.0,0,0,0.0,42.5,261.0,16.7,88.9,Partially cloudy,partly-cloudy-day
159,2023-03-07T15:00:00,12.1,12.1,8.0,76.18,0.0,0,0,0.0,40.0,270.0,25.7,88.9,Partially cloudy,partly-cloudy-day
160,2023-03-07T16:00:00,13.1,13.1,8.8,75.2,0.0,0,0,0.0,36.4,287.0,16.4,84.1,Partially cloudy,partly-cloudy-day
161,2023-03-07T17:00:00,13.1,13.1,8.0,71.44,0.0,0,0,0.0,42.8,284.0,18.1,88.1,Partially cloudy,partly-cloudy-day
162,2023-03-07T18:00:00,13.1,13.1,6.1,62.72,0.0,0,0,0.0,42.5,273.0,23.7,50.0,Partially cloudy,partly-cloudy-day
163,2023-03-07T19:00:00,12.1,12.1,5.3,63.0,0.0,0,0,0.0,24.8,283.0,22.0,63.9,Partially cloudy,partly-cloudy-night
164,2023-03-07T20:00:00,12.0,12.0,6.1,66.99,0.0,0,0,0.0,24.8,298.0,9.3,49.7,Partially cloudy,partly-cloudy-night
165,2023-03-07T21:00:00,10.1,10.1,6.1,76.39,0.0,0,0,0.0,20.9,278.0,9.3,50.0,Partially cloudy,partly-cloudy-night
166,2023-03-07T22:00:00,10.3,10.3,7.1,80.45,0.0,0,0,0.0,21.2,249.0,11.0,50.4,Partially cloudy,partly-cloudy-night
167,2023-03-07T23:00:00,9.9,8.2,8.3,89.78,0.0,0,0,0.0,21.2,263.9,11.9,50.8,Partially cloudy,partly-cloudy-night
168,2023-03-08T00:00:00,9.3,7.6,8.0,91.58,0.0,0,0,0.0,20.9,265.9,11.2,49.6,Partially cloudy,partly-cloudy-night
169,2023-03-08T01:00:00,10.3,10.3,7.5,82.71,0.0,0,0,0.0,20.9,278.0,18.4,40.3,Partially cloudy,partly-cloudy-night
170,2023-03-08T02:00:00,9.1,7.6,7.9,92.19,0.0,0,0,0.0,18.7,264.9,9.7,66.6,Partially cloudy,partly-cloudy-night
171,2023-03-08T03:00:00,8.9,7.8,7.9,93.45,0.0,0,0,0.0,16.9,264.7,7.6,61.9,Partially cloudy,partly-cloudy-night
172,2023-03-08T04:00:00,6.7,5.3,6.4,97.7,0.0,0,0,0.0,13.3,239.0,7.6,40.0,Partially cloudy,partly-cloudy-night
173,2023-03-08T05:00:00,7.6,7.6,7.2,97.3,0.0,0,0,0.0,9.4,238.6,4.3,76.4,Partially cloudy,partly-cloudy-night
174,2023-03-08T06:00:00,7.1,7.1,6.7,97.29,0.0,0,0,0.0,7.2,238.3,3.2,63.9,Partially cloudy,partly-cloudy-night
175,2023-03-08T07:00:00,5.0,2.8,4.8,98.87,0.0,0,0,0.0,7.2,268.0,9.2,32.0,Partially cloudy,partly-cloudy-day
176,2023-03-08T08:00:00,6.0,5.1,6.0,100.0,0.0,0,0,0.0,6.5,280.0,5.4,27.3,Partially cloudy,partly-cloudy-day
177,2023-03-08T09:00:00,10.0,8.8,9.0,93.5,0.0,0,0,0.0,8.6,280.0,9.4,27.3,Partially cloudy,partly-cloudy-day
178,2023-03-08T10:00:00,12.0,12.0,7.3,72.55,0.0,0,0,0.0,18.4,278.0,16.4,39.5,Partially cloudy,partly-cloudy-day
179,2023-03-08T11:00:00,13.0,13.0,6.0,62.48,0.0,0,0,0.0,23.0,270.0,14.8,27.3,Partially cloudy,partly-cloudy-day
180,2023-03-08T12:00:00,15.0,15.0,4.0,47.75,0.0,0,0,0.0,26.6,260.0,13.0,27.3,Partially cloudy,partly-cloudy-day
181,2023-03-08T13:00:00,16.1,16.1,3.3,42.22,0.0,0,0,0.0,23.8,276.0,16.4,10.4,Clear,clear-day
182,2023-03-08T14:00:00,18.0,18.0,3.0,36.77,0.0,0,0,0.0,24.8,270.0,18.4,24.3,Partially cloudy,partly-cloudy-day
183,2023-03-08T15:00:00,19.0,19.0,3.0,34.54,0.0,0,0,0.0,24.1,260.0,14.8,27.3,Partially cloudy,partly-cloudy-day
184,2023-03-08T16:00:00,18.9,18.9,2.3,32.97,0.0,0,0,0.0,23.8,273.0,14.7,27.4,Partially cloudy,partly-cloudy-day
185,2023-03-08T17:00:00,19.0,19.0,2.0,32.17,0.0,0,0,0.0,24.1,270.0,18.4,27.3,Partially cloudy,partly-cloudy-day
186,2023-03-08T18:00:00,18.0,18.0,2.0,34.25,0.0,0,0,0.0,24.1,280.0,13.0,8.8,Clear,clear-day
187,2023-03-08T19:00:00,15.1,15.1,3.9,47.29,0.0,0,0,0.0,12.2,260.0,9.3,10.4,Clear,clear-night
188,2023-03-08T20:00:00,15.0,15.0,4.0,47.75,0.0,0,0,0.0,11.5,310.0,7.6,0.0,Clear,clear-night
189,2023-03-08T21:00:00,12.0,12.0,5.0,62.25,0.0,0,0,0.0,9.4,360.0,5.4,0.0,Clear,clear-night
190,2023-03-08T22:00:00,9.8,9.8,5.0,71.62,0.0,0,0,0.0,7.6,359.0,3.6,0.0,Clear,clear-night
191,2023-03-08T23:00:00,13.0,13.0,5.0,58.3,0.0,0,0,0.0,6.5,260.0,7.6,0.0,Clear,clear-night
192,2023-03-09T00:00:00,9.0,9.0,6.0,81.49,0.0,0,0,0.0,4.0,301.3,3.6,0.0,Clear,clear-night
193,2023-03-09T01:00:00,10.0,10.0,5.9,75.31,0.0,0,0,0.0,6.5,269.0,11.2,0.8,Clear,clear-night
194,2023-03-09T02:00:00,10.0,9.1,6.0,76.19,0.0,0,0,0.0,6.5,280.0,7.6,7.2,Clear,clear-night
195,2023-03-09T03:00:00,12.0,12.0,6.0,66.72,0.0,0,0,0.0,6.5,300.0,5.4,25.3,Partially cloudy,partly-cloudy-night
196,2023-03-09T04:00:00,6.9,6.9,5.1,88.38,0.0,0,0,0.0,5.0,360.0,3.8,30.2,Partially cloudy,partly-cloudy-night
197,2023-03-09T05:00:00,8.0,6.8,6.0,87.19,0.0,0,0,0.0,4.7,350.0,7.6,0.4,Clear,clear-night
198,2023-03-09T06:00:00,7.0,6.2,4.0,81.22,0.0,0,0,0.0,3.6,10.0,5.4,24.8,Partially cloudy,partly-cloudy-night
199,2023-03-09T07:00:00,6.1,6.1,4.9,91.52,0.0,0,0,0.0,4.3,211.0,2.2,49.6,Partially cloudy,partly-cloudy-day
200,2023-03-09T08:00:00,8.0,8.0,6.0,87.19,0.0,0,0,0.0,6.1,318.9,3.6,75.3,Partially cloudy,partly-cloudy-day
201,2023-03-09T09:00:00,13.0,13.0,7.0,66.93,0.0,0,0,0.0,6.8,270.0,9.4,29.4,Partially cloudy,partly-cloudy-day
202,2023-03-09T10:00:00,15.2,15.2,6.0,54.12,0.0,0,0,0.0,17.6,268.0,16.5,49.8,Partially cloudy,partly-cloudy-day
203,2023-03-09T11:00:00,17.0,17.0,5.0,45.07,0.0,0,0,0.0,26.3,280.0,13.0,58.1,Partially cloudy,partly-cloudy-day
204,2023-03-09T12:00:00,19.0,19.0,5.0,39.74,0.0,0,0,0.0,35.6,270.0,11.2,87.7,Partially cloudy,partly-cloudy-day
205,2023-03-09T13:00:00,20.5,20.5,7.3,42.43,0.0,0,0,0.0,36.4,260.7,20.5,14.7,Clear,clear-day
206,2023-03-09T14:00:00,21.0,21.0,2.0,28.42,0.0,0,0,0.0,38.5,270.0,25.9,50.0,Partially cloudy,partly-cloudy-day
207,2023-03-09T15:00:00,22.0,22.0,2.0,26.74,0.0,0,0,0.0,40.0,250.0,24.1,27.3,Partially cloudy,partly-cloudy-day
208,2023-03-09T16:00:00,21.8,21.8,3.2,29.47,0.0,0,0,0.0,42.5,252.0,25.8,50.0,Partially cloudy,partly-cloudy-day
209,2023-03-09T17:00:00,21.0,21.0,4.0,32.74,0.0,0,0,0.0,41.4,260.0,29.5,50.0,Partially cloudy,partly-cloudy-day
210,2023-03-09T18:00:00,20.0,20.0,5.0,37.35,0.0,0,0,0.0,43.2,280.0,24.1,50.0,Partially cloudy,partly-cloudy-day
211,2023-03-09T19:00:00,17.8,17.8,3.2,37.66,0.0,0,0,0.0,29.5,281.0,21.8,55.0,Partially cloudy,partly-cloudy-night
212,2023-03-09T20:00:00,16.0,16.0,4.0,44.79,0.0,0,0,0.0,28.8,280.0,11.2,50.0,Partially cloudy,partly-cloudy-night
213,2023-03-09T21:00:00,14.0,14.0,7.0,62.72,0.0,0,0,0.0,31.7,280.0,5.4,50.0,Partially cloudy,partly-cloudy-night
214,2023-03-09T22:00:00,14.2,14.2,5.0,53.71,0.0,0,0,0.0,33.1,298.0,11.1,50.1,Partially cloudy,partly-cloudy-night
215,2023-03-09T23:00:00,13.0,13.0,6.0,62.48,0.0,0,0,0.0,24.8,280.0,18.4,50.0,Partially cloudy,partly-cloudy-night
216,2023-03-10T00:00:00,11.0,11.0,6.0,71.28,0.0,0,0,0.0,15.8,260.0,13.0,50.0,Partially cloudy,partly-cloudy-night
217,2023-03-10T01:00:00,10.8,10.8,5.9,71.46,0.0,0,0,0.0,11.9,240.0,9.4,45.5,Partially cloudy,partly-cloudy-night
218,2023-03-10T02:00:00,9.0,7.0,5.0,76.03,0.0,0,0,0.0,11.9,270.0,13.0,50.0,Partially cloudy,partly-cloudy-night
219,2023-03-10T03:00:00,8.0,6.4,6.0,87.19,0.0,0,0,0.0,10.4,280.0,9.4,50.0,Partially cloudy,partly-cloudy-night
220,2023-03-10T04:00:00,9.8,8.9,4.9,71.23,0.0,0,0,0.0,8.6,318.0,7.7,45.6,Partially cloudy,partly-cloudy-night
221,2023-03-10T05:00:00,8.0,6.8,4.0,75.86,0.0,0,0,0.0,6.8,270.0,7.6,50.0,Partially cloudy,partly-cloudy-night
222,2023-03-10T06:00:00,8.0,8.0,4.0,75.86,0.0,0,0,0.0,6.5,277.1,3.6,50.0,Partially cloudy,partly-cloudy-night
223,2023-03-10T07:00:00,7.2,7.2,4.1,80.33,0.0,0,0,0.0,7.2,226.0,3.8,45.6,Partially cloudy,partly-cloudy-day
224,2023-03-10T08:00:00,9.0,8.5,6.0,81.49,0.0,0,0,0.0,7.2,270.0,5.4,50.0,Partially cloudy,partly-cloudy-day
225,2023-03-10T09:00:00,12.0,12.0,7.0,71.47,0.0,0,0,0.0,12.2,280.0,18.4,50.0,Partially cloudy,partly-cloudy-day
226,2023-03-10T10:00:00,13.0,13.0,6.9,66.34,0.0,0,0,0.0,20.5,280.0,13.0,55.1,Partially cloudy,partly-cloudy-day
227,2023-03-10T11:00:00,14.0,14.0,5.0,54.62,0.0,0,0,0.0,38.9,290.0,18.4,88.9,Partially cloudy,partly-cloudy-day
228,2023-03-10T12:00:00,15.0,15.0,4.0,47.75,0.0,0,0,0.0,43.9,280.0,27.7,50.0,Partially cloudy,partly-cloudy-day
229,2023-03-10T13:00:00,17.0,17.0,2.2,36.99,0.0,0,0,0.0,43.6,330.0,32.0,54.8,Partially cloudy,partly-cloudy-day
230,2023-03-10T14:00:00,17.0,17.0,2.0,36.48,0.0,0,0,0.0,44.3,310.0,27.7,50.0,Partially cloudy,partly-cloudy-day
231,2023-03-10T15:00:00,17.0,17.0,2.0,36.48,0.0,0,0,0.0,41.4,300.0,24.1,50.0,Partially cloudy,partly-cloudy-day
232,2023-03-10T16:00:00,17.9,17.9,2.0,34.57,0.0,0,0,0.0,40.7,299.0,18.4,50.1,Partially cloudy,partly-cloudy-day
233,2023-03-10T17:00:00,17.0,17.0,3.0,39.17,0.0,0,0,0.0,39.2,290.0,16.6,50.0,Partially cloudy,partly-cloudy-day
234,2023-03-10T18:00:00,16.0,16.0,4.0,44.79,0.0,0,0,0.0,37.1,300.0,20.5,27.3,Partially cloudy,partly-cloudy-day
235,2023-03-10T19:00:00,14.0,14.0,3.2,48.23,0.0,0,0,0.0,22.3,319.0,14.8,32.2,Partially cloudy,partly-cloudy-night
236,2023-03-10T20:00:00,13.0,13.0,3.0,50.66,0.0,0,0,0.0,23.0,340.0,16.6,27.3,Partially cloudy,partly-cloudy-night
237,2023-03-10T21:00:00,12.0,12.0,3.0,54.1,0.0,0,0,0.0,17.3,300.0,13.0,27.3,Partially cloudy,partly-cloudy-night
238,2023-03-10T22:00:00,8.8,6.3,2.5,64.75,0.0,0,0,0.0,12.6,279.0,16.3,30.1,Partially cloudy,partly-cloudy-night
239,2023-03-10T23:00:00,8.0,5.8,3.0,70.7,0.0,0,0,0.0,10.8,270.0,13.0,27.3,Partially cloudy,partly-cloudy-night
240,2023-03-11T00:00:00,7.8,6.8,4.0,76.89,0.0,0,0,0.0,11.2,288.2,6.5,100.0,Overcast,cloudy
241,2023-03-11T01:00:00,9.1,7.3,0.8,56.32,0.0,0,0,0.0,9.7,279.0,11.1,27.4,Partially cloudy,partly-cloudy-night
242,2023-03-11T02:00:00,7.0,5.6,1.0,65.63,0.0,0,0,0.0,9.4,170.0,7.6,27.3,Partially cloudy,partly-cloudy-night
243,2023-03-11T03:00:00,7.0,6.2,1.0,65.63,0.0,0,0,0.0,9.7,240.0,5.4,27.3,Partially cloudy,partly-cloudy-night
244,2023-03-11T04:00:00,6.9,6.9,0.1,62.14,0.0,0,0,0.0,7.9,358.0,3.6,27.4,Partially cloudy,partly-cloudy-night
245,2023-03-11T05:00:00,5.0,5.0,0.0,70.1,0.0,0,0,0.0,7.2,237.5,1.8,27.3,Partially cloudy,partly-cloudy-night
246,2023-03-11T06:00:00,6.0,6.0,0.0,65.4,0.0,0,0,0.0,6.8,278.3,3.6,27.3,Partially cloudy,partly-cloudy-night
247,2023-03-11T07:00:00,6.9,5.5,0.1,61.97,0.0,0,0,0.0,6.5,238.0,7.5,30.2,Partially cloudy,partly-cloudy-day
248,2023-03-11T08:00:00,8.0,8.0,1.0,61.3,0.0,0,0,0.0,6.8,245.6,3.6,28.5,Partially cloudy,partly-cloudy-day
249,2023-03-11T09:00:00,11.0,11.0,2.0,53.83,0.0,0,0,0.0,12.2,242.8,3.6,71.5,Partially cloudy,partly-cloudy-day
250,2023-03-11T10:00:00,13.8,13.8,2.1,45.07,0.0,0,0,0.0,22.3,259.0,16.5,50.0,Partially cloudy,partly-cloudy-day
251,2023-03-11T11:00:00,17.0,17.0,2.0,36.48,0.0,0,0,0.0,27.7,260.0,25.9,39.6,Partially cloudy,partly-cloudy-day
252,2023-03-11T12:00:00,19.0,19.0,1.0,29.95,0.0,0,0,0.0,29.5,280.0,25.9,99.8,Overcast,cloudy
253,2023-03-11T13:00:00,20.1,20.1,1.9,29.96,0.0,0,0,0.0,31.7,279.0,24.0,50.2,Partially cloudy,partly-cloudy-day
254,2023-03-11T14:00:00,21.0,21.0,0.0,24.61,0.0,0,0,0.0,38.9,280.0,20.5,4.5,Clear,clear-day
255,2023-03-11T15:00:00,22.0,22.0,0.0,23.15,0.0,0,0,0.0,40.0,320.0,24.1,2.8,Clear,clear-day
256,2023-03-11T16:00:00,21.0,21.0,1.2,26.82,0.0,0,0,0.0,39.6,299.0,24.0,50.1,Partially cloudy,partly-cloudy-day
257,2023-03-11T17:00:00,21.0,21.0,0.0,24.61,0.0,0,0,0.0,38.9,310.0,20.5,0.0,Clear,clear-day
258,2023-03-11T18:00:00,20.0,20.0,-2.0,22.62,0.0,0,0,0.0,38.9,310.0,22.3,0.0,Clear,clear-day
259,2023-03-11T19:00:00,18.0,18.0,1.0,31.78,0.0,0,0,0.0,17.6,299.0,7.6,50.1,Partially cloudy,partly-cloudy-night
260,2023-03-11T20:00:00,16.0,16.0,2.0,38.88,0.0,0,0,0.0,17.6,350.0,11.2,0.0,Clear,clear-night
261,2023-03-11T21:00:00,15.0,15.0,2.0,41.45,0.0,0,0,0.0,11.5,320.0,7.6,0.0,Clear,clear-night
262,2023-03-11T22:00:00,11.8,11.8,2.1,51.38,0.0,0,0,0.0,10.4,347.0,7.5,39.9,Partially cloudy,partly-cloudy-night
263,2023-03-11T23:00:00,10.0,9.6,2.0,57.54,0.0,0,0,0.0,9.4,20.0,5.4,60.8,Partially cloudy,partly-cloudy-night
264,2023-03-12T00:00:00,10.0,10.0,2.0,57.54,0.0,0,0,0.0,8.3,313.2,3.6,68.1,Partially cloudy,partly-cloudy-night
265,2023-03-12T01:00:00,9.1,9.1,2.0,61.11,0.0,0,0,0.0,7.9,360.0,3.6,0.7,Clear,clear-night
266,2023-03-12T02:00:00,9.0,8.5,2.0,61.54,0.0,0,0,0.0,8.6,340.0,5.4,6.3,Clear,clear-night
267,2023-03-12T03:00:00,10.0,8.5,2.0,57.54,0.0,0,0,0.0,8.6,260.0,11.2,13.1,Clear,clear-night
268,2023-03-12T04:00:00,10.1,10.1,1.9,56.82,0.0,0,0,0.0,7.9,288.0,11.2,0.4,Clear,clear-night
269,2023-03-12T05:00:00,11.0,11.0,1.0,50.11,0.0,0,0,0.0,6.1,310.0,11.2,0.7,Clear,clear-night
270,2023-03-12T06:00:00,9.0,7.9,1.0,57.28,0.0,0,0,0.0,4.3,310.0,7.6,1.8,Clear,clear-night
271,2023-03-12T07:00:00,7.0,7.0,1.0,65.61,0.0,0,0,0.0,4.3,207.0,3.7,50.0,Partially cloudy,partly-cloudy-day
272,2023-03-12T08:00:00,10.0,10.0,3.0,61.78,0.0,0,0,0.0,4.3,280.3,3.6,50.0,Partially cloudy,partly-cloudy-day
273,2023-03-12T09:00:00,14.0,14.0,4.0,50.94,0.0,0,0,0.0,7.9,330.0,9.4,19.6,Clear,clear-day
274,2023-03-12T10:00:00,16.0,16.0,5.0,48.23,0.0,0,0,0.0,19.8,341.0,18.1,39.6,Partially cloudy,partly-cloudy-day
275,2023-03-12T11:00:00,17.0,17.0,6.0,48.31,0.0,0,0,0.0,36.0,330.0,22.3,27.3,Partially cloudy,partly-cloudy-day
276,2023-03-12T12:00:00,18.0,18.0,7.0,48.58,0.0,0,0,0.0,37.4,330.0,24.1,27.3,Partially cloudy,partly-cloudy-day
277,2023-03-12T13:00:00,18.1,18.1,6.9,48.01,0.0,0,0,0.0,37.8,341.0,27.5,31.9,Partially cloudy,partly-cloudy-day
278,2023-03-12T14:00:00,19.0,19.0,6.0,42.6,0.0,0,0,0.0,38.5,340.0,25.9,27.3,Partially cloudy,partly-cloudy-day
279,2023-03-12T15:00:00,19.0,19.0,5.0,39.74,0.0,0,0,0.0,35.6,350.0,22.3,27.3,Partially cloudy,partly-cloudy-day
280,2023-03-12T16:00:00,19.2,19.2,4.9,39.06,0.0,0,0,0.0,36.0,350.0,20.5,32.0,Partially cloudy,partly-cloudy-day
281,2023-03-12T17:00:00,19.0,19.0,5.0,39.74,0.0,0,0,0.0,35.6,340.0,22.3,27.3,Partially cloudy,partly-cloudy-day
282,2023-03-12T18:00:00,17.0,17.0,6.0,48.31,0.0,0,0,0.0,34.2,330.0,14.8,50.0,Partially cloudy,partly-cloudy-day
283,2023-03-12T19:00:00,15.4,15.4,6.2,54.41,0.0,0,0,0.0,14.0,352.0,18.0,49.6,Partially cloudy,partly-cloudy-night
284,2023-03-12T20:00:00,14.0,14.0,6.0,58.55,0.0,0,0,0.0,13.3,332.3,3.6,2.7,Clear,clear-night
285,2023-03-12T21:00:00,11.0,11.0,6.0,71.28,0.0,0,0,0.0,4.7,20.0,13.0,0.0,Clear,clear-night
286,2023-03-12T22:00:00,10.3,10.3,5.8,73.93,0.0,0,0,0.0,2.5,32.0,7.5,30.0,Partially cloudy,partly-cloudy-night
287,2023-03-12T23:00:00,10.1,10.1,6.1,76.2,0.0,0,0,0.0,4.7,50.0,7.6,0.0,Clear,clear-night
288,2023-03-13T00:00:00,9.0,9.0,7.0,87.29,0.0,0,0,0.0,6.1,10.7,3.6,0.0,Clear,clear-night
289,2023-03-13T01:00:00,8.7,8.1,6.7,87.25,0.0,0,0,0.0,6.5,26.0,5.5,30.0,Partially cloudy,partly-cloudy-night
290,2023-03-13T02:00:00,7.0,5.6,5.0,87.1,0.0,0,0,0.0,6.5,20.0,7.6,0.0,Clear,clear-night
291,2023-03-13T03:00:00,8.0,6.8,6.0,87.19,0.0,0,0,0.0,6.8,10.0,7.6,0.0,Clear,clear-night
292,2023-03-13T04:00:00,7.1,5.3,5.8,91.78,0.0,0,0,0.0,7.6,360.0,9.3,10.0,Clear,clear-night
293,2023-03-13T05:00:00,6.0,4.4,5.0,93.3,0.0,0,0,0.0,8.6,10.0,7.6,0.0,Clear,clear-night
294,2023-03-13T06:00:00,7.0,5.2,6.0,93.35,0.0,0,0,0.0,10.1,360.0,9.4,4.5,Clear,clear-night
295,2023-03-13T07:00:00,6.2,4.7,5.2,93.11,0.0,0,0,0.0,7.2,360.0,7.6,30.0,Partially cloudy,partly-cloudy-day
296,2023-03-13T08:00:00,10.0,10.0,8.0,87.38,0.0,0,0,0.0,7.2,34.2,3.6,0.4,Clear,clear-day
297,2023-03-13T09:00:00,12.0,12.0,8.0,76.52,0.0,0,0,0.0,4.7,339.4,5.4,0.0,Clear,clear-day
298,2023-03-13T10:00:00,15.2,15.2,7.1,58.36,0.0,0,0,0.0,11.5,260.0,7.7,29.8,Partially cloudy,partly-cloudy-day
299,2023-03-13T11:00:00,17.0,17.0,6.0,48.31,0.0,0,0,0.0,28.4,250.0,14.8,0.0,Clear,clear-day
300,2023-03-13T12:00:00,20.0,20.0,4.0,34.83,0.0,0,0,0.0,49.3,230.0,25.9,21.4,Partially cloudy,partly-cloudy-day
301,2023-03-13T13:00:00,20.9,20.9,3.3,31.31,0.0,0,0,0.0,48.2,247.0,25.7,50.1,Partially cloudy,partly-cloudy-day
302,2023-03-13T14:00:00,21.0,21.0,4.0,32.74,0.0,0,0,0.0,50.4,220.0,25.9,99.6,Overcast,cloudy
303,2023-03-13T15:00:00,22.0,22.0,2.0,26.74,0.0,0,0,0.0,48.2,220.0,22.3,100.0,Overcast,cloudy
304,2023-03-13T16:00:00,21.1,21.1,2.1,28.3,0.0,0,0,0.0,45.0,234.0,22.2,49.6,Partially cloudy,partly-cloudy-day
305,2023-03-13T17:00:00,21.0,21.0,2.0,28.42,0.0,0,0,0.0,41.4,220.0,24.1,4.6,Clear,clear-day
306,2023-03-13T18:00:00,20.0,20.0,2.0,30.23,0.0,0,0,0.0,40.0,220.0,16.6,3.0,Clear,clear-day
307,2023-03-13T19:00:00,16.9,16.9,2.3,37.37,0.0,0,0,0.0,26.3,219.0,9.3,30.1,Partially cloudy,partly-cloudy-night
308,2023-03-13T20:00:00,15.0,15.0,2.0,41.45,0.0,0,0,0.0,24.8,200.0,7.6,25.4,Partially cloudy,partly-cloudy-night
309,2023-03-13T21:00:00,15.0,15.0,2.0,41.45,0.0,0,0,0.0,15.5,180.0,7.6,10.4,Clear,clear-night
310,2023-03-13T22:00:00,11.0,11.0,2.0,53.94,0.0,0,0,0.0,11.2,250.0,3.7,30.0,Partially cloudy,partly-cloudy-night
311,2023-03-13T23:00:00,10.0,8.8,3.0,61.78,0.0,0,0,0.0,9.0,350.0,9.4,19.0,Clear,clear-night
312,2023-03-14T00:00:00,13.0,13.0,2.0,47.19,0.0,0,0,0.0,9.0,310.0,7.6,47.9,Partially cloudy,partly-cloudy-night
313,2023-03-14T01:00:00,10.9,10.9,2.9,57.67,0.0,0,0,0.0,10.8,264.0,3.7,13.0,Clear,clear-night
314,2023-03-14T02:00:00,11.0,11.0,2.0,53.83,0.0,0,0,0.0,10.8,257.3,1.8,48.3,Partially cloudy,partly-cloudy-night
315,2023-03-14T03:00:00,11.0,11.0,3.0,57.79,0.0,0,0,0.0,9.7,260.0,9.4,80.2,Partially cloudy,partly-cloudy-night
316,2023-03-14T04:00:00,12.2,12.2,2.0,49.81,0.0,0,0,0.0,8.3,240.0,9.3,40.2,Partially cloudy,partly-cloudy-night
317,2023-03-14T05:00:00,11.7,11.7,2.4,52.87,0.0,0,0,0.0,7.2,258.0,4.3,100.0,Overcast,cloudy
318,2023-03-14T06:00:00,10.0,8.8,2.0,57.54,0.0,0,0,0.0,9.7,290.0,9.4,100.0,Overcast,cloudy
319,2023-03-14T07:00:00,10.2,10.2,2.1,57.14,0.0,0,0,0.0,10.8,279.0,9.5,40.1,Partially cloudy,partly-cloudy-day
320,2023-03-14T08:00:00,10.0,8.8,1.0,53.56,0.0,0,0,0.0,12.2,260.0,9.4,100.0,Overcast,cloudy
321,2023-03-14T09:00:00,14.0,14.0,1.0,41.16,0.0,0,0,0.0,17.6,270.0,18.4,100.0,Overcast,cloudy
322,2023-03-14T10:00:00,15.1,15.1,2.0,41.19,0.0,0,0,0.0,24.8,270.0,14.8,49.9,Partially cloudy,partly-cloudy-day
323,2023-03-14T11:00:00,16.0,16.0,2.0,38.88,0.0,0,0,0.0,28.8,310.0,16.6,50.0,Partially cloudy,partly-cloudy-day
324,2023-03-14T12:00:00,17.0,17.0,2.0,36.48,0.0,0,0,0.0,40.0,300.0,14.8,50.0,Partially cloudy,partly-cloudy-day
325,2023-03-14T13:00:00,17.8,17.8,1.9,34.4,0.0,0,0,0.0,38.9,290.0,13.1,50.0,Partially cloudy,partly-cloudy-day
326,2023-03-14T14:00:00,17.0,17.0,1.0,33.96,0.0,0,0,0.0,38.5,310.0,22.3,50.0,Partially cloudy,partly-cloudy-day
327,2023-03-14T15:00:00,18.0,18.0,3.0,36.77,0.0,0,0,0.0,41.4,320.0,16.6,50.0,Partially cloudy,partly-cloudy-day
328,2023-03-14T16:00:00,17.1,17.1,0.2,31.85,0.0,0,0,0.0,41.8,300.0,25.7,45.1,Partially cloudy,partly-cloudy-day
329,2023-03-14T17:00:00,16.0,16.0,-4.0,25.07,0.0,0,0,0.0,41.4,310.0,25.9,50.0,Partially cloudy,partly-cloudy-day
330,2023-03-14T18:00:00,15.0,15.0,-1.0,33.37,0.0,0,0,0.0,40.7,310.0,20.5,27.3,Partially cloudy,partly-cloudy-day
331,2023-03-14T19:00:00,13.0,13.0,-0.9,38.21,0.0,0,0,0.0,26.3,321.0,24.0,27.3,Partially cloudy,partly-cloudy-night
332,2023-03-14T20:00:00,11.0,11.0,-1.0,43.34,0.0,0,0,0.0,24.5,30.0,9.4,27.3,Partially cloudy,partly-cloudy-night
333,2023-03-14T21:00:00,9.0,7.9,1.0,57.28,0.0,0,0,0.0,13.7,20.0,7.6,27.3,Partially cloudy,partly-cloudy-night
334,2023-03-14T22:00:00,8.2,6.6,-1.8,49.47,0.0,0,0,0.0,9.7,260.0,9.4,34.1,Partially cloudy,partly-cloudy-night
335,2023-03-14T23:00:00,7.0,6.2,1.6,68.5,0.0,0,0,0.0,9.0,309.1,5.4,0.0,Clear,clear-night
336,2023-03-15T00:00:00,6.0,6.0,-2.0,56.5,0.0,0,0,0.0,9.4,292.9,1.8,0.0,Clear,clear-night
337,2023-03-15T01:00:00,5.2,5.2,-2.2,58.9,0.0,0,0,0.0,8.6,246.0,3.7,30.0,Partially cloudy,partly-cloudy-night
338,2023-03-15T02:00:00,6.0,4.0,-2.0,56.5,0.0,0,0,0.0,7.9,300.0,9.4,0.0,Clear,clear-night
339,2023-03-15T03:00:00,4.0,1.6,-3.0,60.31,0.0,0,0,0.0,6.5,280.0,9.4,0.0,Clear,clear-night
340,2023-03-15T04:00:00,6.1,4.1,-4.8,45.71,0.0,0,0,0.0,5.0,330.0,9.3,34.1,Partially cloudy,partly-cloudy-night
341,2023-03-15T05:00:00,3.0,1.7,-4.0,60.06,0.0,0,0,0.0,2.9,310.0,5.4,0.0,Clear,clear-night
342,2023-03-15T06:00:00,3.0,1.7,-4.0,60.06,0.0,0,0,0.0,3.6,250.0,5.4,0.0,Clear,clear-night
343,2023-03-15T07:00:00,3.8,3.8,-3.9,57.1,0.0,0,0,0.0,1.4,359.0,3.7,40.2,Partially cloudy,partly-cloudy-day
344,2023-03-15T08:00:00,6.0,6.0,-2.0,56.5,0.0,0,0,0.0,2.5,261.8,1.8,0.0,Clear,clear-day
345,2023-03-15T09:00:00,9.0,9.0,-2.0,46.04,0.0,0,0,0.0,5.8,237.2,1.8,0.0,Clear,clear-day
346,2023-03-15T10:00:00,10.2,10.2,-3.0,39.46,0.0,0,0,0.0,10.1,310.0,9.3,39.7,Partially cloudy,partly-cloudy-day
347,2023-03-15T11:00:00,12.0,12.0,-5.0,30.13,0.0,0,0,0.0,19.4,330.0,7.6,0.0,Clear,clear-day
348,2023-03-15T12:00:00,13.0,13.0,-5.0,28.22,0.0,0,0,0.0,22.3,320.0,13.0,0.0,Clear,clear-day
349,2023-03-15T13:00:00,13.9,13.9,-4.1,28.61,0.0,0,0,0.0,22.3,301.0,7.6,39.4,Partially cloudy,partly-cloudy-day
350,2023-03-15T14:00:00,15.0,15.0,-3.0,28.8,0.0,0,0,0.0,23.0,300.0,7.6,0.0,Clear,clear-day
351,2023-03-15T15:00:00,16.0,16.0,-5.0,23.25,0.0,0,0,0.0,22.7,330.0,13.0,0.0,Clear,clear-day
352,2023-03-15T16:00:00,16.1,16.1,-6.0,21.43,0.0,0,0,0.0,20.9,321.0,13.0,40.2,Partially cloudy,partly-cloudy-day
353,2023-03-15T17:00:00,15.0,15.0,-9.0,18.23,0.0,0,0,0.0,18.7,330.0,13.0,0.0,Clear,clear-day
354,2023-03-15T18:00:00,14.0,14.0,-9.0,19.44,0.0,0,0,0.0,16.6,360.0,18.4,0.0,Clear,clear-day
355,2023-03-15T19:00:00,11.1,11.1,-7.0,27.57,0.0,0,0,0.0,14.8,1.0,20.3,40.0,Partially cloudy,partly-cloudy-night
356,2023-03-15T20:00:00,10.4,10.4,-2.2,41.29,0.0,0,0,0.0,14.0,13.4,6.5,0.0,Clear,clear-night
357,2023-03-15T21:00:00,10.0,8.8,-5.0,34.41,0.0,0,0,0.0,11.2,320.0,9.4,0.0,Clear,clear-night
358,2023-03-15T22:00:00,7.1,5.7,-3.8,45.96,0.0,0,0,0.0,8.3,337.0,7.6,30.0,Partially cloudy,partly-cloudy-night
359,2023-03-15T23:00:00,8.0,6.4,-4.0,42.46,0.0,0,0,0.0,5.0,330.0,9.4,0.0,Clear,clear-night
360,2023-03-16T00:00:00,8.0,5.8,-5.0,39.38,0.0,0,0,0.0,5.4,330.0,13.0,0.0,Clear,clear-night
361,2023-03-16T01:00:00,6.8,5.4,-4.0,45.97,0.0,0,0,0.0,2.9,279.0,7.6,0.0,Clear,clear-night
362,2023-03-16T02:00:00,4.0,2.1,-4.0,55.97,0.0,0,0,0.0,2.9,30.0,7.6,0.0,Clear,clear-night
363,2023-03-16T03:00:00,4.0,2.1,-4.0,55.97,0.0,0,0,0.0,3.2,350.0,7.6,0.0,Clear,clear-night
364,2023-03-16T04:00:00,4.0,1.3,-3.9,56.14,0.0,0,0,0.0,2.9,39.0,11.1,0.0,Clear,clear-night
365,2023-03-16T05:00:00,2.0,-0.2,-1.0,80.52,0.0,0,0,0.0,4.3,40.0,7.6,0.0,Clear,clear-night
366,2023-03-16T06:00:00,4.0,2.1,-5.0,51.91,0.0,0,0,0.0,6.5,10.0,7.6,0.0,Clear,clear-night
367,2023-03-16T07:00:00,3.1,3.1,-5.8,52.0,0.0,0,0,0.0,6.8,341.0,3.9,21.8,Partially cloudy,partly-cloudy-day
368,2023-03-16T08:00:00,7.0,6.2,-5.0,42.16,0.0,0,0,0.0,7.2,20.0,5.4,0.0,Clear,clear-day
369,2023-03-16T09:00:00,12.0,12.0,-3.0,35.01,0.0,0,0,0.0,6.8,59.8,3.6,0.3,Clear,clear-day
370,2023-03-16T10:00:00,12.0,12.0,-3.8,32.92,0.0,0,0,0.0,6.1,260.0,7.6,30.0,Partially cloudy,partly-cloudy-day
371,2023-03-16T11:00:00,16.0,16.0,-7.0,19.96,0.0,0,0,0.0,10.1,280.0,5.4,0.0,Clear,clear-day
372,2023-03-16T12:00:00,18.0,18.0,-9.0,15.06,0.0,0,0,0.0,11.5,290.0,5.4,0.0,Clear,clear-day
373,2023-03-16T13:00:00,19.0,19.0,-11.0,12.09,0.0,0,0,0.0,6.5,342.0,11.2,10.6,Clear,clear-day
374,2023-03-16T14:00:00,21.0,21.0,-10.0,11.55,0.0,0,0,0.0,9.7,200.0,5.4,0.0,Clear,clear-day
375,2023-03-16T15:00:00,21.0,21.0,-8.0,13.51,0.0,0,0,0.0,7.2,260.0,5.4,0.0,Clear,clear-day
376,2023-03-16T16:00:00,21.9,21.9,-8.8,12.01,0.0,0,0,0.0,8.6,244.0,7.6,10.3,Clear,clear-day
377,2023-03-16T17:00:00,22.0,22.0,-9.0,11.76,0.0,0,0,0.0,9.0,275.2,3.6,0.0,Clear,clear-day
378,2023-03-16T18:00:00,20.0,20.0,-5.0,18.08,0.0,0,0,0.0,6.5,60.0,11.2,0.0,Clear,clear-day
379,2023-03-16T19:00:00,17.0,17.0,-2.8,25.67,0.0,0,0,0.0,10.8,62.0,7.5,0.0,Clear,clear-night
380,2023-03-16T20:00:00,14.0,14.0,-1.0,35.6,0.0,0,0,0.0,11.5,50.0,5.4,0.0,Clear,clear-night
381,2023-03-16T21:00:00,13.0,13.0,-2.0,35.3,0.0,0,0,0.0,13.7,50.0,7.6,0.0,Clear,clear-night
382,2023-03-16T22:00:00,10.1,10.1,-1.1,45.69,0.0,0,0,0.0,15.1,49.0,7.6,0.0,Clear,clear-night
383,2023-03-16T23:00:00,9.0,7.9,-2.0,46.04,0.0,0,0,0.0,13.7,50.0,7.6,0.0,Clear,clear-night
384,2023-03-17T00:00:00,10.0,9.6,-2.0,43.05,0.0,0,0,0.0,11.9,40.0,5.4,0.0,Clear,clear-night
385,2023-03-17T01:00:00,7.8,6.6,-1.9,50.33,0.0,0,0,0.0,7.6,39.0,7.6,0.0,Clear,clear-night
386,2023-03-17T02:00:00,8.0,7.4,-2.0,49.27,0.0,0,0,0.0,6.5,40.0,5.4,0.0,Clear,clear-night
387,2023-03-17T03:00:00,6.0,4.4,-2.0,56.5,0.0,0,0,0.0,3.6,30.0,7.6,0.0,Clear,clear-night
388,2023-03-17T04:00:00,6.9,5.0,-3.0,49.48,0.0,0,0,0.0,3.6,29.0,9.4,0.0,Clear,clear-night
389,2023-03-17T05:00:00,5.0,3.3,-3.0,56.24,0.0,0,0,0.0,4.3,40.0,7.6,0.0,Clear,clear-night
390,2023-03-17T06:00:00,5.0,3.3,-3.0,56.24,0.0,0,0,0.0,3.2,40.0,7.6,0.0,Clear,clear-night
391,2023-03-17T07:00:00,6.2,4.3,-3.0,51.73,0.0,0,0,0.0,2.5,20.0,9.3,0.0,Clear,clear-day
392,2023-03-17T08:00:00,10.0,9.1,-2.0,43.05,0.0,0,0,0.0,5.8,40.0,7.6,0.0,Clear,clear-day
393,2023-03-17T09:00:00,16.0,16.0,-6.0,21.55,0.0,0,0,0.0,13.0,210.3,1.8,0.0,Clear,clear-day
394,2023-03-17T10:00:00,16.9,16.9,-5.0,21.86,0.0,0,0,0.0,31.7,250.0,11.2,0.0,Clear,clear-day
395,2023-03-17T11:00:00,19.0,19.0,-7.0,16.52,0.0,0,0,0.0,36.0,240.0,13.0,0.0,Clear,clear-day
396,2023-03-17T12:00:00,20.0,20.0,-7.0,15.52,0.0,0,0,0.0,39.6,240.0,13.0,0.0,Clear,clear-day
397,2023-03-17T13:00:00,22.8,22.8,-7.0,13.16,0.0,0,0,0.0,35.3,214.0,12.9,0.0,Clear,clear-day
398,2023-03-17T14:00:00,24.0,24.0,-8.0,11.26,0.0,0,0,0.0,36.7,260.0,18.4,0.0,Clear,clear-day
399,2023-03-17T15:00:00,23.0,23.0,-8.0,11.96,0.0,0,0,0.0,33.1,240.0,14.8,0.0,Clear,clear-day
400,2023-03-17T16:00:00,22.9,22.9,-10.8,9.64,0.0,0,0,0.0,29.9,229.0,18.4,30.0,Partially cloudy,partly-cloudy-day
401,2023-03-17T17:00:00,23.0,23.0,-10.0,10.23,0.0,0,0,0.0,25.6,270.0,14.8,0.0,Clear,clear-day
402,2023-03-17T18:00:00,22.0,22.0,-10.0,10.87,0.0,0,0,0.0,22.3,250.0,9.4,0.0,Clear,clear-day
403,2023-03-17T19:00:00,17.8,17.8,-5.8,19.51,0.0,0,0,0.0,13.7,253.0,7.7,51.5,Partially cloudy,partly-cloudy-night
404,2023-03-17T20:00:00,15.0,15.0,-2.0,31.01,0.0,0,0,0.0,13.7,150.0,5.4,0.0,Clear,clear-night
405,2023-03-17T21:00:00,12.0,12.0,-1.0,40.57,0.0,0,0,0.0,4.3,60.0,5.4,0.0,Clear,clear-night
406,2023-03-17T22:00:00,11.3,11.3,-0.9,42.75,0.0,0,0,0.0,5.0,21.0,9.3,1.5,Clear,clear-night
407,2023-03-17T23:00:00,10.0,9.1,-1.0,46.33,0.0,0,0,0.0,4.3,30.0,7.6,100.0,Overcast,cloudy
408,2023-03-18T00:00:00,11.0,11.0,-1.0,43.34,0.0,0,0,0.0,4.3,30.0,5.4,100.0,Overcast,cloudy
409,2023-03-18T01:00:00,11.3,11.3,-1.0,42.74,0.0,0,0,0.0,5.8,24.0,5.4,2.0,Clear,clear-night
410,2023-03-18T02:00:00,11.0,11.0,0.0,46.62,0.0,0,0,0.0,6.5,20.0,5.4,1.0,Clear,clear-night
411,2023-03-18T03:00:00,10.0,10.0,0.0,49.83,0.0,0,0,0.0,5.0,319.1,3.6,84.4,Partially cloudy,partly-cloudy-night
412,2023-03-18T04:00:00,10.2,10.2,0.6,51.24,0.0,0,0,0.0,1.8,358.0,3.6,2.0,Clear,clear-night
413,2023-03-18T05:00:00,10.0,9.6,-1.0,46.33,0.0,0,0,0.0,3.6,80.0,5.4,99.9,Overcast,cloudy
414,2023-03-18T06:00:00,9.0,8.5,-1.0,49.55,0.0,0,0,0.0,4.7,50.0,5.4,95.1,Overcast,cloudy
415,2023-03-18T07:00:00,8.9,8.9,-1.0,49.8,0.0,0,0,0.0,2.9,322.0,3.7,51.1,Partially cloudy,partly-cloudy-day
416,2023-03-18T08:00:00,12.0,12.0,-2.0,37.7,0.0,0,0,0.0,4.7,50.0,5.4,100.0,Overcast,cloudy
417,2023-03-18T09:00:00,15.0,15.0,-3.0,28.8,0.0,0,0,0.0,5.0,20.0,5.4,99.3,Overcast,cloudy
418,2023-03-18T10:00:00,16.1,16.1,-3.9,25.21,0.0,0,0,0.0,18.0,279.0,9.3,50.5,Partially cloudy,partly-cloudy-day
419,2023-03-18T11:00:00,18.0,18.0,-5.0,20.48,0.0,0,0,0.0,28.4,260.0,14.8,50.0,Partially cloudy,partly-cloudy-day
420,2023-03-18T12:00:00,18.0,18.0,-5.0,20.48,0.0,0,0,0.0,31.7,280.0,11.2,88.9,Partially cloudy,partly-cloudy-day
421,2023-03-18T13:00:00,19.1,19.1,-3.0,22.2,0.0,0,0,0.0,27.7,336.0,5.5,50.4,Partially cloudy,partly-cloudy-day
422,2023-03-18T14:00:00,20.0,20.0,1.0,28.14,0.0,0,0,0.0,31.3,213.2,7.6,50.0,Partially cloudy,partly-cloudy-day
423,2023-03-18T15:00:00,19.0,19.0,2.0,32.17,0.0,0,0,0.0,29.2,260.0,11.2,50.0,Partially cloudy,partly-cloudy-day
424,2023-03-18T16:00:00,18.0,18.0,2.3,34.85,0.0,0,0,0.0,26.3,10.0,7.6,55.3,Partially cloudy,partly-cloudy-day
425,2023-03-18T17:00:00,16.0,16.0,3.0,41.74,0.0,0,0,0.0,29.5,350.0,18.4,50.0,Partially cloudy,partly-cloudy-day
426,2023-03-18T18:00:00,14.0,14.0,4.0,50.94,0.0,0,0,0.0,28.8,340.0,13.0,50.0,Partially cloudy,partly-cloudy-day
427,2023-03-18T19:00:00,13.0,13.0,4.0,54.26,0.0,0,0,0.0,22.3,20.0,9.3,50.7,Partially cloudy,partly-cloudy-night
428,2023-03-18T20:00:00,12.0,12.0,4.0,58.05,0.0,0,0,0.0,29.9,20.0,7.6,50.0,Partially cloudy,partly-cloudy-night
429,2023-03-18T21:00:00,11.0,11.0,4.0,62.01,0.0,0,0,0.0,17.3,30.0,13.0,27.3,Partially cloudy,partly-cloudy-night
430,2023-03-18T22:00:00,10.1,10.1,4.0,65.87,0.0,0,0,0.0,9.7,32.0,7.5,32.6,Partially cloudy,partly-cloudy-night
431,2023-03-18T23:00:00,9.0,7.9,3.0,66.07,0.0,0,0,0.0,8.3,90.0,7.6,27.3,Partially cloudy,partly-cloudy-night
432,2023-03-19T00:00:00,9.0,9.0,3.0,66.07,0.0,0,0,0.0,9.7,87.9,3.6,27.3,Partially cloudy,partly-cloudy-night
433,2023-03-19T01:00:00,8.0,8.0,3.1,71.07,0.0,0,0,0.0,7.6,360.0,3.7,28.0,Partially cloudy,partly-cloudy-night
434,2023-03-19T02:00:00,7.0,5.6,2.0,70.5,0.0,0,0,0.0,7.9,40.0,7.6,27.3,Partially cloudy,partly-cloudy-night
435,2023-03-19T03:00:00,7.0,5.6,2.0,70.5,0.0,0,0,0.0,7.2,20.0,7.6,27.3,Partially cloudy,partly-cloudy-night
436,2023-03-19T04:00:00,7.8,7.1,3.8,75.92,0.0,0,0,0.0,6.8,249.0,5.4,27.9,Partially cloudy,partly-cloudy-night
437,2023-03-19T05:00:00,7.0,6.2,3.0,75.69,0.0,0,0,0.0,6.1,41.9,5.4,27.3,Partially cloudy,partly-cloudy-night
438,2023-03-19T06:00:00,8.0,7.4,4.0,75.86,0.0,0,0,0.0,6.1,49.2,5.4,27.3,Partially cloudy,partly-cloudy-night
439,2023-03-19T07:00:00,8.0,8.0,3.9,75.08,0.0,0,0,0.0,8.3,312.0,3.7,55.1,Partially cloudy,partly-cloudy-day
440,2023-03-19T08:00:00,10.0,8.2,4.0,66.29,0.0,0,0,0.0,9.4,40.0,13.0,50.0,Partially cloudy,partly-cloudy-day
441,2023-03-19T09:00:00,11.0,11.0,4.0,62.01,0.0,0,0,0.0,15.5,50.0,14.8,50.0,Partially cloudy,partly-cloudy-day
442,2023-03-19T10:00:00,13.2,13.2,3.1,50.55,0.0,0,0,0.0,23.8,71.0,16.3,68.8,Partially cloudy,partly-cloudy-day
443,2023-03-19T11:00:00,13.3,13.3,4.0,53.29,0.0,0,0,0.0,28.1,46.7,15.5,100.0,Overcast,cloudy
444,2023-03-19T12:00:00,14.0,14.0,3.0,47.47,0.0,0,0,0.0,31.3,60.0,16.6,50.0,Partially cloudy,partly-cloudy-day
445,2023-03-19T13:00:00,14.0,14.0,3.0,47.73,0.0,0,0,0.0,32.8,39.0,22.1,88.8,Partially cloudy,partly-cloudy-day
446,2023-03-19T14:00:00,14.0,14.0,3.0,47.47,0.0,0,0,0.0,33.8,50.0,18.4,88.9,Partially cloudy,partly-cloudy-day
447,2023-03-19T15:00:00,14.0,14.0,5.0,54.62,0.0,0,0,0.0,35.6,60.0,24.1,88.9,Partially cloudy,partly-cloudy-day
448,2023-03-19T16:00:00,13.0,13.0,6.0,62.22,0.0,0,0,0.0,41.0,30.0,25.7,88.9,Partially cloudy,partly-cloudy-day
449,2023-03-19T17:00:00,12.0,12.0,6.0,66.72,0.0,0,0,0.0,41.4,30.0,25.9,88.9,Partially cloudy,partly-cloudy-day
450,2023-03-19T18:00:00,11.0,11.0,6.0,71.28,0.0,0,0,0.0,37.8,30.0,24.1,88.9,Partially cloudy,partly-cloudy-day
451,2023-03-19T19:00:00,10.9,10.9,6.0,71.8,0.0,0,0,0.0,28.4,29.0,23.9,89.0,Partially cloudy,partly-cloudy-night
452,2023-03-19T20:00:00,10.0,7.2,6.0,76.19,0.0,0,0,0.0,27.0,40.0,22.3,88.9,Partially cloudy,partly-cloudy-night
453,2023-03-19T21:00:00,10.0,7.2,6.0,76.19,0.0,0,0,0.0,21.6,40.0,22.3,88.9,Partially cloudy,partly-cloudy-night
454,2023-03-19T22:00:00,9.1,5.8,5.9,80.22,0.0,0,0,0.0,16.2,39.0,25.7,74.9,Partially cloudy,partly-cloudy-night
455,2023-03-19T23:00:00,9.0,6.3,5.0,76.03,0.0,0,0,0.0,13.3,40.0,18.4,50.0,Partially cloudy,partly-cloudy-night
456,2023-03-20T00:00:00,8.0,6.8,5.0,81.35,0.0,0,0,0.0,11.5,10.0,7.6,50.0,Partially cloudy,partly-cloudy-night
457,2023-03-20T01:00:00,7.9,7.9,5.1,82.7,0.0,0,0,0.0,4.7,226.0,3.6,45.7,Partially cloudy,partly-cloudy-night
458,2023-03-20T02:00:00,8.0,6.4,4.0,75.86,0.0,0,0,0.0,5.8,50.0,9.4,50.0,Partially cloudy,partly-cloudy-night
459,2023-03-20T03:00:00,8.0,6.4,4.0,75.86,0.0,0,0,0.0,5.4,100.0,9.4,27.3,Partially cloudy,partly-cloudy-night
460,2023-03-20T04:00:00,6.1,3.8,6.0,98.91,0.0,0,0,0.0,6.5,62.0,11.1,18.6,Clear,clear-night
461,2023-03-20T05:00:00,7.0,7.0,6.0,93.35,0.0,0,0,0.0,6.8,40.8,1.8,50.0,Partially cloudy,partly-cloudy-night
462,2023-03-20T06:00:00,7.0,3.8,6.0,93.35,0.0,0,0,0.0,6.8,50.0,18.4,50.0,Partially cloudy,partly-cloudy-night
463,2023-03-20T07:00:00,6.0,4.4,4.2,88.46,0.0,0,0,0.0,8.3,58.0,7.6,50.4,Partially cloudy,partly-cloudy-day
464,2023-03-20T08:00:00,8.0,5.0,5.0,81.35,0.0,0,0,0.0,7.9,50.0,18.4,50.0,Partially cloudy,partly-cloudy-day
465,2023-03-20T09:00:00,9.0,5.9,4.0,70.89,0.0,0,0,0.0,26.3,50.0,22.3,50.0,Partially cloudy,partly-cloudy-day
466,2023-03-20T10:00:00,10.0,7.5,3.3,63.06,0.0,0,0,0.0,38.2,68.0,18.2,84.4,Partially cloudy,partly-cloudy-day
467,2023-03-20T11:00:00,10.0,6.9,3.0,61.78,0.0,0,0,0.0,39.6,80.0,25.9,88.9,Partially cloudy,partly-cloudy-day
468,2023-03-20T12:00:00,11.0,11.0,4.0,62.01,0.0,0,0,0.0,39.6,70.0,20.5,88.9,Partially cloudy,partly-cloudy-day
469,2023-03-20T13:00:00,11.0,11.0,3.9,61.81,0.003,100,0,0.0,41.8,49.0,16.5,88.9,"Rain, Partially cloudy",rain
470,2023-03-20T14:00:00,11.0,11.0,5.0,66.51,0.0,0,0,0.0,41.0,40.0,18.4,88.9,Partially cloudy,partly-cloudy-day
471,2023-03-20T15:00:00,12.0,12.0,4.0,58.05,0.0,0,0,0.0,42.1,60.0,20.5,88.9,Partially cloudy,partly-cloudy-day
472,2023-03-20T16:00:00,12.8,12.8,4.0,55.08,0.0,0,0,0.0,41.0,30.0,20.4,84.1,Partially cloudy,partly-cloudy-day
473,2023-03-20T17:00:00,12.0,12.0,4.0,58.05,0.0,0,0,0.0,42.8,60.0,20.5,88.9,Partially cloudy,partly-cloudy-day
474,2023-03-20T18:00:00,11.0,11.0,4.0,62.01,0.0,0,0,0.0,43.6,40.0,16.6,88.9,Partially cloudy,partly-cloudy-day
475,2023-03-20T19:00:00,10.1,10.1,3.1,61.99,0.0,0,0,0.0,34.6,40.0,20.4,54.6,Partially cloudy,partly-cloudy-night
476,2023-03-20T20:00:00,9.0,7.0,3.0,66.07,0.0,0,0,0.0,33.8,70.0,13.0,50.0,Partially cloudy,partly-cloudy-night
477,2023-03-20T21:00:00,8.0,5.5,4.0,75.86,0.0,0,0,0.0,27.7,30.0,14.8,50.0,Partially cloudy,partly-cloudy-night
478,2023-03-20T22:00:00,6.9,5.1,3.1,77.01,0.0,0,0,0.0,24.8,60.0,9.3,50.1,Partially cloudy,partly-cloudy-night
479,2023-03-20T23:00:00,7.0,5.2,4.0,81.22,0.0,0,0,0.0,20.2,40.0,9.4,50.0,Partially cloudy,partly-cloudy-night
480,2023-03-21T00:00:00,5.0,2.4,4.0,93.25,0.0,0,0,0.0,15.1,40.0,11.2,50.0,Partially cloudy,partly-cloudy-night
481,2023-03-21T01:00:00,5.1,3.4,3.1,86.67,0.0,0,0,0.0,10.4,112.0,7.5,32.1,Partially cloudy,partly-cloudy-night
482,2023-03-21T02:00:00,4.0,1.6,2.0,86.8,0.0,0,0,0.0,9.7,50.0,9.4,27.3,Partially cloudy,partly-cloudy-night
483,2023-03-21T03:00:00,3.0,3.0,3.0,100.0,0.0,0,0,0.0,9.4,63.1,3.6,27.3,Partially cloudy,partly-cloudy-night
484,2023-03-21T04:00:00,2.1,2.1,1.2,93.97,0.0,0,0,0.0,8.3,360.0,3.6,54.6,Partially cloudy,partly-cloudy-night
485,2023-03-21T05:00:00,3.0,0.9,2.0,93.14,0.0,0,0,0.0,7.6,30.0,7.6,50.0,Partially cloudy,partly-cloudy-night
486,2023-03-21T06:00:00,1.0,-1.4,1.0,100.0,0.0,0,0,0.0,6.8,30.0,7.6,50.0,Partially cloudy,partly-cloudy-night
487,2023-03-21T07:00:00,1.2,-0.3,1.2,99.84,0.0,0,0,0.0,8.3,62.0,5.4,54.5,Partially cloudy,partly-cloudy-day
488,2023-03-21T08:00:00,4.0,2.1,4.0,100.0,0.0,0,0,0.0,7.9,50.0,7.6,50.0,Partially cloudy,partly-cloudy-day
489,2023-03-21T09:00:00,7.0,4.5,3.0,75.69,0.0,0,0,0.0,10.4,60.0,13.0,50.0,Partially cloudy,partly-cloudy-day
490,2023-03-21T10:00:00,8.9,6.6,1.3,58.74,0.0,0,0,0.0,18.7,70.0,14.7,54.4,Partially cloudy,partly-cloudy-day
491,2023-03-21T11:00:00,11.0,11.0,1.0,50.11,0.0,0,0,0.0,23.4,60.0,13.0,50.0,Partially cloudy,partly-cloudy-day
492,2023-03-21T12:00:00,12.0,12.0,0.0,43.64,0.0,0,0,0.0,25.9,60.0,11.2,50.0,Partially cloudy,partly-cloudy-day
493,2023-03-21T13:00:00,13.9,13.9,0.3,39.34,0.0,0,0,0.0,31.0,48.0,11.3,49.7,Partially cloudy,partly-cloudy-day
494,2023-03-21T14:00:00,14.0,14.0,0.0,38.29,0.0,0,0,0.0,31.7,50.0,11.2,50.0,Partially cloudy,partly-cloudy-day
495,2023-03-21T15:00:00,15.0,15.0,0.0,35.89,0.0,0,0,0.0,32.4,50.0,11.2,50.0,Partially cloudy,partly-cloudy-day
496,2023-03-21T16:00:00,14.2,14.2,1.0,40.63,0.0,0,0,0.0,33.1,58.0,11.2,50.0,Partially cloudy,partly-cloudy-day
497,2023-03-21T17:00:00,14.0,14.0,0.0,38.29,0.0,0,0,0.0,32.4,60.0,11.2,50.0,Partially cloudy,partly-cloudy-day
498,2023-03-21T18:00:00,13.0,13.0,2.0,47.19,0.0,0,0,0.0,29.5,40.0,14.8,50.0,Partially cloudy,partly-cloudy-day
499,2023-03-21T19:00:00,11.0,11.0,3.0,57.79,0.0,0,0,0.0,19.8,40.0,16.6,50.0,Partially cloudy,partly-cloudy-night
500,2023-03-21T20:00:00,8.8,7.0,3.9,71.34,0.0,0,0,0.0,18.7,56.1,10.8,100.0,Overcast,cloudy
501,2023-03-21T21:00:00,8.0,6.8,4.0,75.86,0.0,0,0,0.0,17.6,30.0,7.6,50.0,Partially cloudy,partly-cloudy-night
502,2023-03-21T22:00:00,6.9,5.5,3.1,76.45,0.0,0,0,0.0,14.8,30.0,7.5,45.2,Partially cloudy,partly-cloudy-night
503,2023-03-21T23:00:00,5.6,4.4,4.2,90.7,0.0,0,0,0.0,12.6,65.3,5.8,44.5,Partially cloudy,partly-cloudy-night
504,2023-03-22T00:00:00,5.0,3.9,3.0,86.9,0.0,0,0,0.0,9.4,40.0,5.4,50.0,Partially cloudy,partly-cloudy-night
505,2023-03-22T01:00:00,3.3,3.3,1.0,84.83,0.0,0,0,0.0,7.2,360.0,3.7,40.0,Partially cloudy,partly-cloudy-night
506,2023-03-22T02:00:00,4.0,2.8,2.0,86.8,0.0,0,0,0.0,7.2,30.0,5.4,50.0,Partially cloudy,partly-cloudy-night
507,2023-03-22T03:00:00,3.0,0.4,1.0,86.7,0.0,0,0,0.0,6.5,360.0,9.4,50.0,Partially cloudy,partly-cloudy-night
508,2023-03-22T04:00:00,2.3,0.8,0.9,90.3,0.0,0,0,0.0,6.8,8.0,5.4,45.2,Partially cloudy,partly-cloudy-night
509,2023-03-22T05:00:00,2.0,2.0,0.0,86.6,0.0,0,0,0.0,7.2,4.8,3.6,50.0,Partially cloudy,partly-cloudy-night
510,2023-03-22T06:00:00,1.0,-1.4,-1.0,86.5,0.0,0,0,0.0,7.2,360.0,7.6,27.3,Partially cloudy,partly-cloudy-night
511,2023-03-22T07:00:00,0.8,0.8,-0.2,92.96,0.0,0,0,0.0,2.9,174.0,3.9,30.2,Partially cloudy,partly-cloudy-day
512,2023-03-22T08:00:00,5.0,5.0,2.0,80.94,0.0,0,0,0.0,4.0,263.2,1.8,73.5,Partially cloudy,partly-cloudy-day
513,2023-03-22T09:00:00,6.7,6.7,3.1,77.8,0.0,0,0,0.0,9.0,251.8,4.0,31.4,Partially cloudy,partly-cloudy-day
514,2023-03-22T10:00:00,10.2,10.2,3.0,60.81,0.0,0,0,0.0,15.8,269.0,5.5,30.1,Partially cloudy,partly-cloudy-day
515,2023-03-22T11:00:00,13.0,13.0,-1.0,37.99,0.0,0,0,0.0,21.6,270.0,18.4,0.0,Clear,clear-day
516,2023-03-22T12:00:00,15.0,15.0,-5.0,24.79,0.0,0,0,0.0,24.8,260.0,16.6,27.3,Partially cloudy,partly-cloudy-day
517,2023-03-22T13:00:00,16.8,16.8,-7.9,17.68,0.0,0,0,0.0,24.1,253.0,14.7,32.1,Partially cloudy,partly-cloudy-day
518,2023-03-22T14:00:00,17.0,17.0,-13.0,11.67,0.0,0,0,0.0,25.2,290.0,9.4,27.3,Partially cloudy,partly-cloudy-day
519,2023-03-22T15:00:00,17.0,17.0,-10.0,14.83,0.0,0,0,0.0,26.6,350.0,9.4,27.3,Partially cloudy,partly-cloudy-day
520,2023-03-22T16:00:00,18.0,18.0,-6.0,18.92,0.0,0,0,0.0,28.8,331.0,12.9,32.1,Partially cloudy,partly-cloudy-day
521,2023-03-22T17:00:00,16.0,16.0,-4.0,25.07,0.0,0,0,0.0,30.2,360.0,22.3,27.3,Partially cloudy,partly-cloudy-day
522,2023-03-22T18:00:00,15.0,15.0,-4.0,26.73,0.0,0,0,0.0,29.2,360.0,24.1,27.3,Partially cloudy,partly-cloudy-day
523,2023-03-22T19:00:00,12.8,12.8,-1.1,38.26,0.0,0,0,0.0,13.0,350.0,9.4,30.0,Partially cloudy,partly-cloudy-night
524,2023-03-22T20:00:00,11.0,11.0,-2.0,40.28,0.0,0,0,0.0,12.2,360.0,13.0,0.0,Clear,clear-night
525,2023-03-22T21:00:00,10.0,9.1,-3.0,39.98,0.0,0,0,0.0,7.2,290.0,7.6,0.0,Clear,clear-night
526,2023-03-22T22:00:00,9.1,8.6,-2.8,43.1,0.0,0,0,0.0,9.0,356.0,5.4,0.0,Clear,clear-night
527,2023-03-22T23:00:00,6.0,6.0,-4.0,48.7,0.0,0,0,0.0,9.4,48.0,3.6,0.0,Clear,clear-night
528,2023-03-23T00:00:00,4.0,1.6,-2.0,64.94,0.0,0,0,0.0,9.4,10.0,9.4,0.0,Clear,clear-night
529,2023-03-23T01:00:00,4.2,2.3,-3.8,55.91,0.0,0,0,0.0,7.2,9.0,7.6,0.0,Clear,clear-night
530,2023-03-23T02:00:00,4.0,2.8,-4.0,55.97,0.0,0,0,0.0,6.8,30.0,5.4,0.0,Clear,clear-night
531,2023-03-23T03:00:00,3.0,3.0,-4.0,60.06,0.0,0,0,0.0,5.4,4.9,1.8,0.0,Clear,clear-night
532,2023-03-23T04:00:00,2.9,2.9,-2.9,65.75,0.0,0,0,0.0,4.7,360.0,3.8,0.3,Clear,clear-night
533,2023-03-23T05:00:00,3.0,0.9,-4.0,60.06,0.0,0,0,0.0,4.3,20.0,7.6,0.0,Clear,clear-night
534,2023-03-23T06:00:00,3.0,1.7,-3.0,64.71,0.0,0,0,0.0,6.5,10.0,5.4,0.0,Clear,clear-night
535,2023-03-23T07:00:00,3.2,3.2,-2.9,64.37,0.0,0,0,0.0,4.7,336.0,3.8,30.0,Partially cloudy,partly-cloudy-day
536,2023-03-23T08:00:00,8.0,8.0,-2.0,49.27,0.0,0,0,0.0,5.0,327.6,3.6,0.0,Clear,clear-day
537,2023-03-23T09:00:00,11.0,11.0,-3.0,37.4,0.0,0,0,0.0,8.6,250.0,5.4,0.0,Clear,clear-day
538,2023-03-23T10:00:00,13.8,13.8,-2.0,33.49,0.0,0,0,0.0,13.0,241.0,7.6,10.0,Clear,clear-day
539,2023-03-23T11:00:00,16.0,16.0,-4.0,25.07,0.0,0,0,0.0,13.7,240.0,11.2,0.0,Clear,clear-day
540,2023-03-23T12:00:00,18.0,18.0,-5.0,20.48,0.0,0,0,0.0,13.7,260.0,9.4,0.0,Clear,clear-day
541,2023-03-23T13:00:00,18.8,18.8,-5.8,18.37,0.0,0,0,0.0,14.8,283.0,7.6,21.8,Partially cloudy,partly-cloudy-day
542,2023-03-23T14:00:00,20.0,20.0,-8.0,14.37,0.0,0,0,0.0,16.9,80.0,5.4,0.0,Clear,clear-day
543,2023-03-23T15:00:00,21.0,21.0,-8.0,13.51,0.0,0,0,0.0,17.3,290.0,7.6,1.6,Clear,clear-day
544,2023-03-23T16:00:00,20.8,20.8,-7.9,13.85,0.0,0,0,0.0,15.8,292.0,7.7,10.5,Clear,clear-day
545,2023-03-23T17:00:00,21.0,21.0,-10.0,11.55,0.0,0,0,0.0,12.2,270.0,5.4,4.4,Clear,clear-day
546,2023-03-23T18:00:00,20.0,20.0,-8.0,14.37,0.0,0,0,0.0,20.9,350.0,5.4,2.5,Clear,clear-day
547,2023-03-23T19:00:00,17.1,17.1,-0.7,29.67,0.0,0,0,0.0,13.7,41.0,11.1,30.1,Partially cloudy,partly-cloudy-night
548,2023-03-23T20:00:00,14.0,14.0,1.0,41.16,0.0,0,0,0.0,16.2,30.0,9.4,0.0,Clear,clear-night
549,2023-03-23T21:00:00,13.0,13.0,1.0,43.93,0.0,0,0,0.0,14.0,80.0,7.6,0.0,Clear,clear-night
550,2023-03-23T22:00:00,10.8,10.8,1.8,53.79,0.0,0,0,0.0,13.0,28.0,9.4,29.8,Partially cloudy,partly-cloudy-night
551,2023-03-23T23:00:00,9.0,8.5,1.0,57.28,0.0,0,0,0.0,12.6,50.0,5.4,0.0,Clear,clear-night
552,2023-03-24T00:00:00,8.0,6.8,1.0,61.3,0.0,0,0,0.0,11.5,40.0,7.6,0.0,Clear,clear-night
553,2023-03-24T01:00:00,8.1,6.8,0.2,57.59,0.0,0,0,0.0,5.4,40.0,7.6,30.0,Partially cloudy,partly-cloudy-night
554,2023-03-24T02:00:00,6.0,4.4,0.0,65.4,0.0,0,0,0.0,6.5,20.0,7.6,0.0,Clear,clear-night
555,2023-03-24T03:00:00,7.0,5.6,0.0,61.05,0.0,0,0,0.0,5.8,20.0,7.6,0.0,Clear,clear-night
556,2023-03-24T04:00:00,5.9,4.9,-0.9,61.8,0.0,0,0,0.0,2.5,29.0,5.5,10.0,Clear,clear-night
557,2023-03-24T05:00:00,5.0,3.9,-1.0,65.17,0.0,0,0,0.0,4.3,30.0,5.4,0.0,Clear,clear-night
558,2023-03-24T06:00:00,5.0,3.3,-2.0,60.56,0.0,0,0,0.0,4.7,30.0,7.6,0.0,Clear,clear-night
559,2023-03-24T07:00:00,5.3,3.6,-2.1,58.7,0.0,0,0,0.0,4.3,300.0,7.6,0.0,Clear,clear-day
560,2023-03-24T08:00:00,11.0,11.0,-2.0,40.28,0.0,0,0,0.0,5.8,350.0,5.4,0.0,Clear,clear-day
561,2023-03-24T09:00:00,15.0,15.0,-4.0,26.73,0.0,0,0,0.0,9.0,270.0,11.2,0.0,Clear,clear-day
562,2023-03-24T10:00:00,17.1,17.1,-4.0,23.46,0.0,0,0,0.0,20.5,238.0,7.8,10.0,Clear,clear-day
563,2023-03-24T11:00:00,19.0,19.0,-6.0,17.83,0.0,0,0,0.0,26.6,230.0,9.4,27.3,Partially cloudy,partly-cloudy-day
564,2023-03-24T12:00:00,20.0,20.0,-7.0,15.52,0.0,0,0,0.0,31.0,240.0,13.0,27.3,Partially cloudy,partly-cloudy-day
565,2023-03-24T13:00:00,22.0,22.0,-11.5,9.6,0.0,0,0,0.0,25.2,273.0,18.4,27.3,Partially cloudy,partly-cloudy-day
566,2023-03-24T14:00:00,23.0,23.0,-2.1,9.6,0.0,0,0,0.0,30.6,270.0,18.4,27.3,Partially cloudy,partly-cloudy-day
567,2023-03-24T15:00:00,23.0,23.0,-4.8,9.6,0.0,0,0,0.0,33.1,270.0,22.3,39.5,Partially cloudy,partly-cloudy-day
568,2023-03-24T16:00:00,23.1,23.1,6.5,34.23,0.0,0,0,0.0,32.8,261.0,14.8,30.1,Partially cloudy,partly-cloudy-day
569,2023-03-24T17:00:00,23.0,23.0,-6.4,34.23,0.0,0,0,0.0,31.7,260.0,18.4,0.0,Clear,clear-day
570,2023-03-24T18:00:00,21.0,21.0,-5.0,17.0,0.0,0,0,0.0,30.2,310.0,14.8,0.0,Clear,clear-day
571,2023-03-24T19:00:00,17.9,17.9,-2.9,24.21,0.0,0,0,0.0,14.4,11.0,7.6,30.0,Partially cloudy,partly-cloudy-night
572,2023-03-24T20:00:00,16.0,16.0,-3.0,27.01,0.0,0,0,0.0,14.4,50.0,9.4,0.0,Clear,clear-night
573,2023-03-24T21:00:00,14.0,14.0,-3.0,30.72,0.0,0,0,0.0,11.2,10.0,7.6,0.0,Clear,clear-night
574,2023-03-24T22:00:00,12.0,12.0,-2.0,37.58,0.0,0,0,0.0,11.5,51.0,5.4,30.0,Partially cloudy,partly-cloudy-night
575,2023-03-24T23:00:00,12.0,12.0,-3.0,35.01,0.0,0,0,0.0,11.2,40.1,1.8,13.0,Clear,clear-night
576,2023-03-25T00:00:00,10.0,10.0,-2.0,43.05,0.0,0,0,0.0,10.4,46.9,3.6,0.0,Clear,clear-night
577,2023-03-25T01:00:00,9.2,8.7,-1.0,48.91,0.0,0,0,0.0,7.2,10.0,5.5,3.9,Clear,clear-night
578,2023-03-25T02:00:00,8.0,7.4,-2.0,49.27,0.0,0,0,0.0,7.2,20.0,5.4,53.8,Partially cloudy,partly-cloudy-night
579,2023-03-25T03:00:00,8.0,7.4,-2.0,49.27,0.0,0,0,0.0,5.8,10.0,5.4,32.7,Partially cloudy,partly-cloudy-night
580,2023-03-25T04:00:00,7.8,7.2,-1.9,50.26,0.0,0,0,0.0,2.9,359.0,5.4,0.0,Clear,clear-night
581,2023-03-25T05:00:00,6.0,4.0,-2.0,56.5,0.0,0,0,0.0,4.7,10.0,9.4,1.0,Clear,clear-night
582,2023-03-25T06:00:00,6.0,4.4,-2.0,56.5,0.0,0,0,0.0,7.9,20.0,7.6,4.6,Clear,clear-night
583,2023-03-25T07:00:00,8.1,5.8,-2.0,49.05,0.0,0,0,0.0,9.4,8.0,13.0,10.0,Clear,clear-day
584,2023-03-25T08:00:00,13.0,13.0,-2.0,35.3,0.0,0,0,0.0,8.6,20.0,9.4,0.0,Clear,clear-day
585,2023-03-25T09:00:00,16.0,16.0,0.0,33.67,0.0,0,0,0.0,8.3,200.0,5.4,0.0,Clear,clear-day
586,2023-03-25T10:00:00,17.9,17.9,-2.0,25.79,0.0,0,0,0.0,10.4,202.0,5.4,0.0,Clear,clear-day
587,2023-03-25T11:00:00,20.0,20.0,-4.0,19.49,0.0,0,0,0.0,8.6,180.0,5.4,0.0,Clear,clear-day
588,2023-03-25T12:00:00,21.0,21.0,-6.0,15.76,0.0,0,0,0.0,9.4,230.0,7.6,0.0,Clear,clear-day
589,2023-03-25T13:00:00,22.0,22.0,-4.9,16.12,0.0,0,0,0.0,12.2,214.0,5.5,0.0,Clear,clear-day
590,2023-03-25T14:00:00,23.0,23.0,-10.0,10.23,0.0,0,0,0.0,15.1,250.0,11.2,0.0,Clear,clear-day
591,2023-03-25T15:00:00,24.0,24.0,-8.0,11.26,0.0,0,0,0.0,16.2,300.0,11.2,0.0,Clear,clear-day
592,2023-03-25T16:00:00,24.0,24.0,-7.8,11.47,0.0,0,0,0.0,15.8,264.0,5.4,0.0,Clear,clear-day
593,2023-03-25T17:00:00,24.0,24.0,-8.0,11.26,0.0,0,0,0.0,13.0,180.0,5.4,0.0,Clear,clear-day
594,2023-03-25T18:00:00,23.0,23.0,-9.0,11.06,0.0,0,0,0.0,9.7,340.0,5.4,0.0,Clear,clear-day
595,2023-03-25T19:00:00,20.1,20.1,-4.9,18.08,0.0,0,0,0.0,9.0,19.0,5.5,10.0,Clear,clear-night
596,2023-03-25T20:00:00,16.0,16.0,-2.0,29.09,0.0,0,0,0.0,11.5,30.0,7.6,0.0,Clear,clear-night
597,2023-03-25T21:00:00,15.0,15.0,-2.0,31.01,0.0,0,0,0.0,13.7,20.0,7.6,0.0,Clear,clear-night
598,2023-03-25T22:00:00,13.0,13.0,-1.9,35.59,0.0,0,0,0.0,13.3,6.0,9.3,0.0,Clear,clear-night
599,2023-03-25T23:00:00,12.0,12.0,-2.0,37.7,0.0,0,0,0.0,10.8,10.0,7.6,0.0,Clear,clear-night
600,2023-03-26T00:00:00,11.0,11.0,-2.0,40.28,0.0,0,0,0.0,9.4,10.0,7.6,0.0,Clear,clear-night
601,2023-03-26T01:00:00,10.8,10.8,-1.8,41.49,0.0,0,0,0.0,7.6,20.0,5.5,19.1,Clear,clear-night
602,2023-03-26T02:00:00,8.0,7.4,-1.0,53.02,0.0,0,0,0.0,7.6,30.0,5.4,44.8,Partially cloudy,partly-cloudy-night
603,2023-03-26T03:00:00,8.0,6.4,-1.0,53.02,0.0,0,0,0.0,6.8,10.0,9.4,48.9,Partially cloudy,partly-cloudy-night
604,2023-03-26T04:00:00,8.9,7.4,-0.9,50.47,0.0,0,0,0.0,4.7,20.0,9.4,0.0,Clear,clear-night
605,2023-03-26T05:00:00,7.0,5.2,-2.0,52.75,0.0,0,0,0.0,5.8,10.0,9.4,0.0,Clear,clear-night
606,2023-03-26T06:00:00,7.0,6.2,-4.0,45.46,0.0,0,0,0.0,6.8,50.0,5.4,0.0,Clear,clear-night
607,2023-03-26T07:00:00,7.1,6.3,-3.8,45.92,0.0,0,0,0.0,7.9,20.0,5.5,10.0,Clear,clear-day
608,2023-03-26T08:00:00,13.0,13.0,-1.0,37.99,0.0,0,0,0.0,8.3,280.0,5.4,0.0,Clear,clear-day
609,2023-03-26T09:00:00,18.0,18.0,-6.0,18.99,0.0,0,0,0.0,7.9,270.0,7.6,0.8,Clear,clear-day
610,2023-03-26T10:00:00,19.1,19.1,-5.8,18.0,0.0,0,0,0.0,16.6,269.0,11.2,10.5,Clear,clear-day
611,2023-03-26T11:00:00,21.0,21.0,-7.0,14.59,0.0,0,0,0.0,24.8,290.0,14.8,0.0,Clear,clear-day
612,2023-03-26T12:00:00,23.8,23.8,-4.3,15.1,0.0,0,0,0.0,28.8,264.4,16.6,3.1,Clear,clear-day
613,2023-03-26T13:00:00,25.0,25.0,5.1,27.89,0.0,0,0,0.0,32.8,266.0,29.0,30.2,Partially cloudy,partly-cloudy-day
614,2023-03-26T14:00:00,25.0,25.0,-4.1,27.89,0.0,0,0,0.0,37.1,280.0,25.9,5.3,Clear,clear-day
615,2023-03-26T15:00:00,25.0,25.0,-4.0,27.89,0.0,0,0,0.0,38.2,260.0,22.3,3.7,Clear,clear-day
616,2023-03-26T16:00:00,25.1,25.1,3.8,25.15,0.0,0,0,0.0,37.8,282.0,33.2,30.6,Partially cloudy,partly-cloudy-day
617,2023-03-26T17:00:00,25.0,25.0,-2.4,25.15,0.0,0,0,0.0,34.9,280.0,31.7,96.3,Overcast,cloudy
618,2023-03-26T18:00:00,22.0,22.0,-4.0,17.24,0.0,0,0,0.0,32.0,330.0,20.5,12.7,Clear,clear-day
619,2023-03-26T19:00:00,19.8,19.8,-1.9,23.08,0.0,0,0,0.0,22.7,330.0,16.3,50.3,Partially cloudy,partly-cloudy-night
620,2023-03-26T20:00:00,18.0,18.0,-2.0,25.62,0.0,0,0,0.0,22.0,220.0,11.2,71.4,Partially cloudy,partly-cloudy-night
621,2023-03-26T21:00:00,17.0,17.0,-1.0,29.37,0.0,0,0,0.0,14.4,310.0,9.4,96.7,Overcast,cloudy
622,2023-03-26T22:00:00,16.2,16.2,-0.9,31.22,0.0,0,0,0.0,8.3,320.0,9.3,30.6,Partially cloudy,partly-cloudy-night
623,2023-03-26T23:00:00,15.0,15.0,-1.0,33.37,0.0,0,0,0.0,6.1,330.0,13.0,100.0,Overcast,cloudy
624,2023-03-27T00:00:00,14.0,14.0,0.0,38.29,0.0,0,0,0.0,6.8,320.0,7.6,39.9,Partially cloudy,partly-cloudy-night
625,2023-03-27T01:00:00,11.1,11.1,0.8,49.32,0.0,0,0,0.0,6.1,348.0,11.0,0.9,Clear,clear-night
626,2023-03-27T02:00:00,10.0,10.0,0.0,49.83,0.0,0,0,0.0,6.8,358.3,1.8,0.0,Clear,clear-night
627,2023-03-27T03:00:00,8.0,6.8,0.0,57.03,0.0,0,0,0.0,5.0,90.0,7.6,0.0,Clear,clear-night
628,2023-03-27T04:00:00,8.1,6.8,0.1,57.25,0.0,0,0,0.0,4.7,337.0,7.7,0.9,Clear,clear-night
629,2023-03-27T05:00:00,11.0,11.0,1.0,50.11,0.0,0,0,0.0,4.3,300.0,9.4,0.0,Clear,clear-night
630,2023-03-27T06:00:00,10.0,9.1,0.0,49.83,0.0,0,0,0.0,3.6,340.0,7.6,0.0,Clear,clear-night
631,2023-03-27T07:00:00,10.8,10.8,0.2,48.02,0.0,0,0,0.0,3.6,317.0,11.0,30.1,Partially cloudy,partly-cloudy-day
632,2023-03-27T08:00:00,13.0,13.0,1.0,43.93,0.0,0,0,0.0,5.8,320.0,9.4,0.0,Clear,clear-day
633,2023-03-27T09:00:00,15.0,15.0,2.0,41.45,0.0,0,0,0.0,15.8,320.0,18.4,27.3,Partially cloudy,partly-cloudy-day
634,2023-03-27T10:00:00,15.1,15.1,3.9,47.25,0.0,0,0,0.0,29.2,341.0,11.2,27.5,Partially cloudy,partly-cloudy-day
635,2023-03-27T11:00:00,17.0,17.0,2.0,36.48,0.0,0,0,0.0,28.8,330.0,16.6,50.0,Partially cloudy,partly-cloudy-day
636,2023-03-27T12:00:00,16.0,16.0,-1.0,31.3,0.0,0,0,0.0,30.2,360.0,20.5,50.0,Partially cloudy,partly-cloudy-day
637,2023-03-27T13:00:00,17.0,17.0,-0.3,30.98,0.0,0,0,0.0,23.4,331.0,12.9,40.3,Partially cloudy,partly-cloudy-day
638,2023-03-27T14:00:00,19.4,19.4,2.3,32.04,0.0,0,0,0.0,25.2,344.5,14.4,100.0,Overcast,cloudy
639,2023-03-27T15:00:00,19.3,19.3,-0.1,27.13,0.0,0,0,0.0,29.2,343.3,16.6,100.0,Overcast,cloudy
640,2023-03-27T16:00:00,17.1,17.1,-2.3,26.41,0.0,0,0,0.0,29.2,341.0,14.7,40.0,Partially cloudy,partly-cloudy-day
641,2023-03-27T17:00:00,17.0,17.0,0.0,31.59,0.0,0,0,0.0,29.2,340.0,18.4,100.0,Overcast,cloudy
642,2023-03-27T18:00:00,15.0,15.0,1.0,38.58,0.0,0,0,0.0,28.1,350.0,18.4,100.0,Overcast,cloudy
643,2023-03-27T19:00:00,12.1,12.1,0.0,43.56,0.0,0,0,0.0,20.9,11.0,11.2,30.5,Partially cloudy,partly-cloudy-night
644,2023-03-27T20:00:00,11.0,11.0,0.0,46.62,0.0,0,0,0.0,20.2,20.0,16.6,3.5,Clear,clear-night
645,2023-03-27T21:00:00,8.9,8.2,0.5,55.62,0.0,0,0,0.0,13.0,49.9,5.8,3.0,Clear,clear-night
646,2023-03-27T22:00:00,8.8,8.2,-0.2,53.24,0.0,0,0,0.0,9.4,121.0,5.4,0.8,Clear,clear-night
647,2023-03-27T23:00:00,7.0,5.5,-1.0,56.75,0.0,0,0,0.0,7.9,90.0,7.6,0.0,Clear,clear-night
648,2023-03-28T00:00:00,5.0,3.3,-3.0,56.24,0.0,0,0,0.0,9.7,80.0,7.6,0.0,Clear,clear-night
649,2023-03-28T01:00:00,5.1,3.3,-0.8,66.02,0.0,0,0,0.0,9.7,52.0,7.6,0.4,Clear,clear-night
650,2023-03-28T02:00:00,4.0,2.1,-1.0,69.89,0.0,0,0,0.0,10.1,30.0,7.6,0.0,Clear,clear-night
651,2023-03-28T03:00:00,5.0,2.8,0.0,70.1,0.0,0,0,0.0,10.1,40.0,9.4,0.0,Clear,clear-night
652,2023-03-28T04:00:00,3.1,1.1,-2.1,68.42,0.0,0,0,0.0,10.1,29.0,7.6,0.0,Clear,clear-night
653,2023-03-28T05:00:00,3.0,0.9,-2.0,69.69,0.0,0,0,0.0,9.4,60.0,7.6,0.0,Clear,clear-night
654,2023-03-28T06:00:00,2.1,0.4,0.4,88.51,0.0,0,0,0.0,9.7,60.7,5.8,0.0,Clear,clear-night
655,2023-03-28T07:00:00,4.1,1.7,-2.0,64.62,0.0,0,0,0.0,10.4,48.0,9.4,30.0,Partially cloudy,partly-cloudy-day
656,2023-03-28T08:00:00,7.0,5.2,-1.0,56.76,0.0,0,0,0.0,10.8,60.0,9.4,0.0,Clear,clear-day
657,2023-03-28T09:00:00,9.0,6.5,-1.0,49.55,0.0,0,0,0.0,20.9,110.0,16.6,0.0,Clear,clear-day
658,2023-03-28T10:00:00,10.9,10.9,-1.8,41.18,0.0,0,0,0.0,23.0,99.0,16.4,29.8,Partially cloudy,partly-cloudy-day
659,2023-03-28T11:00:00,13.0,13.0,-6.0,26.16,0.0,0,0,0.0,22.7,90.0,14.8,0.0,Clear,clear-day
660,2023-03-28T12:00:00,14.0,14.0,-6.0,24.51,0.0,0,0,0.0,22.0,120.0,13.0,0.0,Clear,clear-day
661,2023-03-28T13:00:00,16.1,16.1,-6.0,21.46,0.0,0,0,0.0,15.1,118.0,5.5,29.8,Partially cloudy,partly-cloudy-day
662,2023-03-28T14:00:00,17.0,17.0,-7.0,18.73,0.0,0,0,0.0,15.5,60.0,9.4,0.0,Clear,clear-day
663,2023-03-28T15:00:00,18.0,18.0,-10.0,13.92,0.0,0,0,0.0,15.8,80.0,5.4,0.0,Clear,clear-day
664,2023-03-28T16:00:00,18.2,18.2,-11.9,11.88,0.0,0,0,0.0,22.0,11.0,5.7,35.9,Partially cloudy,partly-cloudy-day
665,2023-03-28T17:00:00,18.0,18.0,-11.0,12.86,0.0,0,0,0.0,28.1,120.0,7.6,0.0,Clear,clear-day
666,2023-03-28T18:00:00,17.0,17.0,-5.0,21.82,0.0,0,0,0.0,31.0,90.0,22.3,0.0,Clear,clear-day
667,2023-03-28T19:00:00,14.1,14.1,-2.9,30.76,0.0,0,0,0.0,26.6,59.0,18.3,41.8,Partially cloudy,partly-cloudy-night
668,2023-03-28T20:00:00,12.0,12.0,-1.0,40.57,0.0,0,0,0.0,33.8,40.0,16.6,0.0,Clear,clear-night
669,2023-03-28T21:00:00,10.0,8.0,1.0,53.56,0.0,0,0,0.0,32.8,40.0,14.8,0.0,Clear,clear-night
670,2023-03-28T22:00:00,9.1,7.4,1.1,57.45,0.0,0,0,0.0,21.2,42.0,11.0,0.6,Clear,clear-night
671,2023-03-28T23:00:00,7.1,5.3,0.1,61.07,0.0,0,0,0.0,13.7,70.0,9.4,0.0,Clear,clear-night
672,2023-03-29T00:00:00,7.0,5.2,0.0,61.05,0.0,0,0,0.0,14.4,70.0,9.4,1.7,Clear,clear-night
673,2023-03-29T01:00:00,7.1,5.7,-0.8,57.37,0.0,0,0,0.0,12.2,63.0,7.5,40.0,Partially cloudy,partly-cloudy-night
674,2023-03-29T02:00:00,7.0,5.6,-2.0,52.75,0.0,0,0,0.0,12.6,60.0,7.6,0.0,Clear,clear-night
675,2023-03-29T03:00:00,7.0,5.6,-1.0,56.76,0.0,0,0,0.0,10.1,60.0,7.6,0.0,Clear,clear-night
676,2023-03-29T04:00:00,4.3,3.1,-2.0,63.69,0.0,0,0,0.0,9.4,26.0,5.5,0.6,Clear,clear-night
677,2023-03-29T05:00:00,4.0,2.1,-3.0,60.31,0.0,0,0,0.0,7.9,20.0,7.6,0.0,Clear,clear-night
678,2023-03-29T06:00:00,4.0,2.8,-2.0,64.94,0.0,0,0,0.0,6.8,20.0,5.4,0.0,Clear,clear-night
679,2023-03-29T07:00:00,4.0,2.2,-2.0,64.74,0.0,0,0,0.0,1.8,9.0,7.5,10.3,Clear,clear-day
680,2023-03-29T08:00:00,8.6,8.6,-0.2,53.95,0.0,0,0,0.0,3.6,254.6,2.2,0.0,Clear,clear-day
681,2023-03-29T09:00:00,11.0,11.0,-4.0,34.71,0.0,0,0,0.0,17.3,270.0,7.6,0.0,Clear,clear-day
682,2023-03-29T10:00:00,14.2,14.2,-2.7,30.96,0.0,0,0,0.0,28.4,250.0,13.0,10.2,Clear,clear-day
683,2023-03-29T11:00:00,16.0,16.0,-3.0,27.01,0.0,0,0,0.0,31.0,230.0,11.2,0.0,Clear,clear-day
684,2023-03-29T12:00:00,18.0,18.0,-5.0,20.48,0.0,0,0,0.0,32.8,240.0,14.8,0.0,Clear,clear-day
685,2023-03-29T13:00:00,19.9,19.9,-6.6,16.09,0.0,0,0,0.0,31.7,214.0,11.4,10.2,Clear,clear-day
686,2023-03-29T14:00:00,20.0,20.0,-9.0,13.29,0.0,0,0,0.0,33.5,260.0,20.5,0.0,Clear,clear-day
687,2023-03-29T15:00:00,16.2,16.2,-6.4,20.66,0.0,0,0,0.0,34.9,250.0,22.3,6.0,Clear,clear-day
688,2023-03-29T16:00:00,20.0,20.0,-10.8,11.53,0.0,0,0,0.0,34.9,273.0,9.4,30.1,Partially cloudy,partly-cloudy-day
689,2023-03-29T17:00:00,20.0,20.0,-10.0,12.29,0.0,0,0,0.0,34.9,260.0,9.4,100.0,Overcast,cloudy
690,2023-03-29T18:00:00,20.0,20.0,-7.0,15.52,0.0,0,0,0.0,33.5,250.0,11.2,100.0,Overcast,cloudy
691,2023-03-29T19:00:00,17.0,17.0,-3.0,25.28,0.0,0,0,0.0,19.4,212.0,11.1,30.0,Partially cloudy,partly-cloudy-night
692,2023-03-29T20:00:00,14.0,14.0,-2.0,33.08,0.0,0,0,0.0,19.1,190.0,5.4,16.7,Clear,clear-night
693,2023-03-29T21:00:00,13.0,13.0,-2.0,35.3,0.0,0,0,0.0,9.7,170.0,5.4,4.2,Clear,clear-night
694,2023-03-29T22:00:00,8.9,8.3,-1.8,47.06,0.0,0,0,0.0,5.0,49.0,5.4,0.0,Clear,clear-night
695,2023-03-29T23:00:00,8.0,8.0,-2.0,49.27,0.0,0,0,0.0,3.2,188.1,3.6,0.0,Clear,clear-night
696,2023-03-30T00:00:00,8.0,6.8,-1.0,53.02,0.0,0,0,0.0,3.6,70.0,7.6,0.0,Clear,clear-night
697,2023-03-30T01:00:00,6.9,5.5,-1.9,53.61,0.0,0,0,0.0,2.5,30.0,7.6,0.0,Clear,clear-night
698,2023-03-30T02:00:00,6.0,4.4,-2.0,56.5,0.0,0,0,0.0,2.5,10.0,7.6,0.0,Clear,clear-night
699,2023-03-30T03:00:00,6.0,4.4,-2.0,56.5,0.0,0,0,0.0,2.5,4.0,7.6,0.0,Clear,clear-night
700,2023-03-30T04:00:00,5.3,5.3,-2.1,58.72,0.0,0,0,0.0,4.0,358.0,3.6,0.0,Clear,clear-night
701,2023-03-30T05:00:00,5.0,3.3,-2.0,60.56,0.0,0,0,0.0,4.0,30.0,7.6,0.0,Clear,clear-night
702,2023-03-30T06:00:00,4.0,2.8,-3.0,60.31,0.0,0,0,0.0,3.2,40.0,5.4,0.0,Clear,clear-night
703,2023-03-30T07:00:00,5.9,4.3,-1.9,57.26,0.0,0,0,0.0,4.7,359.0,7.6,0.0,Clear,clear-day
704,2023-03-30T08:00:00,12.0,12.0,-1.0,40.57,0.0,0,0,0.0,5.0,50.0,5.4,0.0,Clear,clear-day
705,2023-03-30T09:00:00,15.0,15.0,-4.0,26.73,0.0,0,0,0.0,11.2,250.0,5.4,0.0,Clear,clear-day
706,2023-03-30T10:00:00,17.0,17.0,-4.0,23.56,0.0,0,0,0.0,20.9,260.0,9.5,0.0,Clear,clear-day
707,2023-03-30T11:00:00,19.0,19.0,-4.0,20.74,0.0,0,0,0.0,23.8,260.0,9.4,2.8,Clear,clear-day
708,2023-03-30T12:00:00,21.0,21.0,-5.0,17.0,0.0,0,0,0.0,26.3,250.0,11.2,4.0,Clear,clear-day
709,2023-03-30T13:00:00,22.8,22.8,-7.8,12.29,0.0,0,0,0.0,21.6,281.0,11.3,1.4,Clear,clear-day
710,2023-03-30T14:00:00,24.0,24.0,-10.0,9.63,0.0,0,0,0.0,23.4,280.0,9.4,0.0,Clear,clear-day
711,2023-03-30T15:00:00,24.0,24.0,-9.0,10.42,0.0,0,0,0.0,25.9,260.0,13.0,4.2,Clear,clear-day
712,2023-03-30T16:00:00,24.8,24.8,-8.7,10.14,0.0,0,0,0.0,25.9,263.0,13.1,30.4,Partially cloudy,partly-cloudy-day
713,2023-03-30T17:00:00,25.0,25.0,-9.0,9.81,0.0,0,0,0.0,27.4,250.0,11.2,100.0,Overcast,cloudy
714,2023-03-30T18:00:00,22.0,22.0,-3.0,18.58,0.0,0,0,0.0,26.6,350.0,14.8,100.0,Overcast,cloudy
715,2023-03-30T19:00:00,20.0,20.0,-1.9,22.74,0.0,0,0,0.0,5.8,41.0,7.6,50.4,Partially cloudy,partly-cloudy-night
716,2023-03-30T20:00:00,18.0,18.0,-2.0,25.62,0.0,0,0,0.0,5.4,300.0,7.6,64.1,Partially cloudy,partly-cloudy-night
717,2023-03-30T21:00:00,15.0,15.0,0.0,35.89,0.0,0,0,0.0,6.1,10.0,5.4,17.2,Clear,clear-night
718,2023-03-30T22:00:00,12.8,12.8,-1.0,38.5,0.0,0,0,0.0,6.1,358.0,3.6,39.8,Partially cloudy,partly-cloudy-night
719,2023-03-30T23:00:00,12.0,12.0,0.0,43.64,0.0,0,0,0.0,5.8,20.0,7.6,0.0,Clear,clear-night
